PAGE ERROR 
2026-10-01T02:29:14.678Z [vite] connecting...
2026-10-01T02:29:14.678Z [IWSDK Dev] Configuration: {device: metaQuest3, activation: localhost, verbose: false, sem: null, ai: null}
2026-10-01T02:29:15.462Z [vite] connected.
2026-10-01T02:29:18.305Z                                                  
▄▄▄▄▄▄  ▄▄      ▄▄   ▄▄▄▄    ▄▄▄▄▄     ▄▄   ▄▄▄ 
▀▀██▀▀  ██      ██ ▄█▀▀▀▀█   ██▀▀▀██   ██  ██▀  
  ██    ▀█▄ ██ ▄█▀ ██▄       ██    ██  ██▄██    
  ██     ██ ██ ██   ▀████▄   ██    ██  █████    
  ██     ███▀▀███       ▀██  ██    ██  ██  ██▄  
▄▄██▄▄   ███  ███  █▄▄▄▄▄█▀  ██▄▄▄██   ██   ██▄ 
▀▀▀▀▀▀   ▀▀▀  ▀▀▀   ▀▀▀▀▀    ▀▀▀▀▀     ▀▀    ▀▀                                                
===============================================
Immersive Web SDK v0.5.3
Three.js r181
EliCS v3.4.2
2026-10-01T02:29:18.594Z Could not create a session because: Something went wrong initializing the session in the runtime
2026-10-01T02:29:18.594Z [XR] Failed to start XR session: NotSupportedError: The specified session configuration is not supported.
2026-10-01T02:30:23.228Z WebGL: INVALID_ENUM: texParameter: invalid parameter
2026-10-01T02:30:27.809Z [frame-probe] GPU timer unavailable; use a device trace
2026-10-01T02:30:27.810Z [live] fixed-schedule probe: 20 windows x 24s (first 0s of each discarded). Move and look around normally.
2026-10-01T02:30:32.745Z [perf] {"mode":"xr","views":2,"target":"1680x1760","fps":38.3,"msMedian":11.3,"msP95":100.1,"msWorst":194.6,"calls":44,"tris":44638,"points":2600,"programs":19,"geometries":30,"textures":8,"abilities":1,"instances":190,"particles":503,"foveation":1}
2026-10-01T02:30:35.747Z [live] ## WINDOW 1/20 CURRENT
2026-10-01T02:30:37.669Z [live] {"w":1,"cond":"CURRENT","t":2,"scored":true,"fps":12.4,"ms":80.9,"js":1.8,"top":"InputSystem:0.8 CastSystem:0.6 PanelUISystem:0.1","worst":100.4,"casting":true,"particles":959,"particleCount":1,"emissionRate":1,"calls":49,"head":[0.35,0.79,-0.59],"yaw":-100,"pitch":-13}
2026-10-01T02:30:37.793Z [perf] {"mode":"xr","views":2,"target":"1680x1760","fps":11.1,"msMedian":99.9,"msP95":100.4,"msWorst":101.1,"calls":49,"tris":49272,"points":2600,"programs":22,"geometries":32,"textures":9,"abilities":1,"instances":190,"particles":912,"foveation":1}
2026-10-01T02:30:39.705Z [live] {"w":1,"cond":"CURRENT","t":4.1,"scored":true,"fps":12.8,"ms":78.3,"js":1.4,"top":"CastSystem:0.5 InputSystem:0.5 CrystalBench:0.1","worst":89.4,"casting":true,"particles":393,"particleCount":1,"emissionRate":1,"calls":47,"head":[0.35,0.79,-0.59],"yaw":-100,"pitch":-13}
2026-10-01T02:30:41.765Z [live] {"w":1,"cond":"CURRENT","t":6.1,"scored":true,"fps":12.6,"ms":79.3,"js":1.1,"top":"CastSystem:0.5 InputSystem:0.3 PanelUISystem:0.1","worst":100.2,"casting":true,"particles":204,"particleCount":1,"emissionRate":1,"calls":41,"head":[0.35,0.79,-0.59],"yaw":-100,"pitch":-13}
2026-10-01T02:30:42.866Z [perf] {"mode":"xr","views":2,"target":"1680x1760","fps":12,"msMedian":80.8,"msP95":100.2,"msWorst":100.3,"calls":68,"tris":45184,"points":2600,"programs":22,"geometries":32,"textures":9,"abilities":1,"instances":190,"particles":1310,"foveation":1}
2026-10-01T02:30:43.835Z [live] {"w":1,"cond":"CURRENT","t":8.2,"scored":true,"fps":12.1,"ms":82.8,"js":1.4,"top":"CastSystem:0.7 InputSystem:0.3 CrystalBench:0.1","worst":100.3,"casting":true,"particles":967,"particleCount":1,"emissionRate":1,"calls":48,"head":[0.35,0.79,-0.59],"yaw":-100,"pitch":-13}
2026-10-01T02:30:45.875Z [live] {"w":1,"cond":"CURRENT","t":10.2,"scored":true,"fps":11.8,"ms":85,"js":1.2,"top":"CastSystem:0.5 InputSystem:0.3 PanelUISystem:0.1","worst":99.1,"casting":true,"particles":369,"particleCount":1,"emissionRate":1,"calls":47,"head":[0.35,0.79,-0.59],"yaw":-100,"pitch":-13}
2026-10-01T02:30:47.897Z [live] {"w":1,"cond":"CURRENT","t":12.3,"scored":true,"fps":12.9,"ms":77.7,"js":1.6,"top":"InputSystem:0.6 CastSystem:0.5 PanelUISystem:0.1","worst":100.2,"casting":true,"particles":182,"particleCount":1,"emissionRate":1,"calls":44,"head":[0.35,0.79,-0.59],"yaw":-100,"pitch":-13}
2026-10-01T02:30:47.897Z [perf] {"mode":"xr","views":2,"target":"1680x1760","fps":12.7,"msMedian":79.2,"msP95":99.5,"msWorst":100.2,"calls":44,"tris":22684,"points":2600,"programs":22,"geometries":32,"textures":9,"abilities":1,"instances":190,"particles":182,"foveation":1}
2026-10-01T02:30:49.930Z [live] {"w":1,"cond":"CURRENT","t":14.3,"scored":true,"fps":12.8,"ms":78.2,"js":1.8,"top":"InputSystem:0.8 CastSystem:0.6 PanelUISystem:0.1","worst":100.1,"casting":true,"particles":904,"particleCount":1,"emissionRate":1,"calls":51,"head":[0.35,0.79,-0.59],"yaw":-100,"pitch":-13}
2026-10-01T02:30:51.997Z [live] {"w":1,"cond":"CURRENT","t":16.4,"scored":true,"fps":12.6,"ms":79.5,"js":1.6,"top":"InputSystem:0.8 CastSystem:0.5 PanelUISystem:0.1","worst":92.2,"casting":true,"particles":379,"particleCount":1,"emissionRate":1,"calls":50,"head":[0.35,0.79,-0.59],"yaw":-100,"pitch":-13}
2026-10-01T02:30:52.932Z [perf] {"mode":"xr","views":2,"target":"1680x1760","fps":13.1,"msMedian":72.3,"msP95":100,"msWorst":100.1,"calls":47,"tris":44644,"points":2600,"programs":22,"geometries":32,"textures":9,"abilities":1,"instances":190,"particles":303,"foveation":1}
2026-10-01T02:30:54.063Z [live] {"w":1,"cond":"CURRENT","t":18.4,"scored":true,"fps":12.6,"ms":79.5,"js":1.8,"top":"InputSystem:0.9 CastSystem:0.5 PanelUISystem:0.1","worst":100.3,"casting":true,"particles":455,"particleCount":1,"emissionRate":1,"calls":68,"head":[0.35,0.79,-0.59],"yaw":-100,"pitch":-13}
2026-10-01T02:30:56.113Z [live] {"w":1,"cond":"CURRENT","t":20.5,"scored":true,"fps":12.7,"ms":78.9,"js":1.8,"top":"InputSystem:0.8 CastSystem:0.6 PanelUISystem:0.1","worst":100.2,"casting":true,"particles":837,"particleCount":1,"emissionRate":1,"calls":51,"head":[0.35,0.79,-0.59],"yaw":-100,"pitch":-13}
2026-10-01T02:30:57.935Z [perf] {"mode":"xr","views":2,"target":"1680x1760","fps":11.8,"msMedian":86.4,"msP95":100.2,"msWorst":100.3,"calls":47,"tris":44644,"points":2600,"programs":22,"geometries":32,"textures":9,"abilities":1,"instances":190,"particles":377,"foveation":1}
2026-10-01T02:30:58.162Z [live] {"w":1,"cond":"CURRENT","t":22.5,"scored":true,"fps":11.7,"ms":85.4,"js":1.6,"top":"InputSystem:0.7 CastSystem:0.5 PanelUISystem:0.1","worst":99.5,"casting":true,"particles":350,"particleCount":1,"emissionRate":1,"calls":50,"head":[0.35,0.79,-0.59],"yaw":-100,"pitch":-13}
2026-10-01T02:30:59.664Z [live] PARTICLE CHECK {"w":1,"cond":"CURRENT","valid":true,"particlePeak":967,"checks":11,"particleCount":1,"emissionRate":1}
2026-10-01T02:30:59.664Z [live] WINDOW RESULT {"name":"CURRENT","age":[83,81.3,77.8],"js":[1.7,1.5,1.5],"top":["InputSystem:0.7 CastSystem:0.6 PanelUISystem:0.1","InputSystem:0.6 CastSystem:0.5 PanelUISystem:0.1","InputSystem:0.6 CastSystem:0.5 PanelUISystem:0.1"],"mean":80.61,"p95":100.1,"slowPct":100,"worst":100.4,"castMean":79.55,"idleMean":99.24}
2026-10-01T02:30:59.665Z [live] ## WINDOW 2/20 NO_PARTICLES
2026-10-01T02:31:01.684Z [live] {"w":2,"cond":"NO_PARTICLES","t":2,"scored":true,"fps":24.3,"ms":41.2,"js":2.3,"top":"InputSystem:1.1 CastSystem:0.7 CrystalBench:0.1","worst":100.4,"casting":true,"particles":0,"particleCount":0,"emissionRate":0,"calls":50,"head":[0.35,0.79,-0.59],"yaw":-100,"pitch":-13}
2026-10-01T02:31:02.966Z [perf] {"mode":"xr","views":2,"target":"1680x1760","fps":21.3,"msMedian":34.8,"msP95":99.9,"msWorst":100.4,"calls":50,"tris":49284,"points":2600,"programs":22,"geometries":32,"textures":9,"abilities":1,"instances":190,"particles":0,"foveation":1}
2026-10-01T02:31:03.715Z [live] {"w":2,"cond":"NO_PARTICLES","t":4.1,"scored":true,"fps":28.5,"ms":35,"js":1.6,"top":"InputSystem:0.8 CastSystem:0.5 PanelUISystem:0.1","worst":37.8,"casting":true,"particles":0,"particleCount":0,"emissionRate":0,"calls":50,"head":[0.35,0.79,-0.59],"yaw":-100,"pitch":-13}
2026-10-01T02:31:05.772Z [live] {"w":2,"cond":"NO_PARTICLES","t":6.1,"scored":true,"fps":20.4,"ms":48.9,"js":1.6,"top":"InputSystem:0.8 CastSystem:0.5 PanelUISystem:0.1","worst":101,"casting":true,"particles":0,"particleCount":0,"emissionRate":0,"calls":44,"head":[0.35,0.79,-0.59],"yaw":-100,"pitch":-13}
2026-10-01T02:31:07.794Z [live] {"w":2,"cond":"NO_PARTICLES","t":8.1,"scored":true,"fps":20.8,"ms":48.2,"js":1.3,"top":"CastSystem:0.5 InputSystem:0.4 PanelUISystem:0.1","worst":100.6,"casting":true,"particles":0,"particleCount":0,"emissionRate":0,"calls":48,"head":[0.35,0.79,-0.59],"yaw":-100,"pitch":-13}
2026-10-01T02:31:07.970Z [perf] {"mode":"xr","views":2,"target":"1680x1760","fps":22,"msMedian":36.9,"msP95":100.2,"msWorst":101,"calls":48,"tris":44646,"points":2600,"programs":22,"geometries":32,"textures":9,"abilities":1,"instances":190,"particles":0,"foveation":1}
2026-10-01T02:31:09.812Z [live] {"w":2,"cond":"NO_PARTICLES","t":10.1,"scored":true,"fps":27.8,"ms":36,"js":1.2,"top":"CastSystem:0.6 InputSystem:0.3 PanelUISystem:0.1","worst":37.6,"casting":true,"particles":0,"particleCount":0,"emissionRate":0,"calls":47,"head":[0.35,0.79,-0.59],"yaw":-100,"pitch":-13}
2026-10-01T02:31:11.825Z [live] {"w":2,"cond":"NO_PARTICLES","t":12.2,"scored":true,"fps":19.9,"ms":50.4,"js":1.1,"top":"CastSystem:0.5 InputSystem:0.3 PanelUISystem:0.1","worst":100.6,"casting":true,"particles":0,"particleCount":0,"emissionRate":0,"calls":41,"head":[0.35,0.79,-0.59],"yaw":-100,"pitch":-13}
2026-10-01T02:31:13.001Z [perf] {"mode":"xr","views":2,"target":"1680x1760","fps":21.7,"msMedian":36.9,"msP95":100.2,"msWorst":100.6,"calls":59,"tris":45166,"points":2600,"programs":22,"geometries":32,"textures":9,"abilities":1,"instances":190,"particles":0,"foveation":1}
2026-10-01T02:31:13.833Z [live] {"w":2,"cond":"NO_PARTICLES","t":14.2,"scored":true,"fps":21.4,"ms":46.7,"js":1.1,"top":"CastSystem:0.5 InputSystem:0.3 PanelUISystem:0.1","worst":100.5,"casting":true,"particles":0,"particleCount":0,"emissionRate":0,"calls":48,"head":[0.35,0.79,-0.59],"yaw":-100,"pitch":-13}
2026-10-01T02:31:15.834Z [live] {"w":2,"cond":"NO_PARTICLES","t":16.2,"scored":true,"fps":29,"ms":34.5,"js":1.1,"top":"CastSystem:0.5 InputSystem:0.3 PanelUISystem:0.1","worst":37.2,"casting":true,"particles":0,"particleCount":0,"emissionRate":0,"calls":47,"head":[0.35,0.79,-0.59],"yaw":-100,"pitch":-13}
2026-10-01T02:31:17.848Z [live] {"w":2,"cond":"NO_PARTICLES","t":18.2,"scored":true,"fps":20.8,"ms":48,"js":1.1,"top":"CastSystem:0.5 InputSystem:0.3 PanelUISystem:0.1","worst":100.3,"casting":true,"particles":0,"particleCount":0,"emissionRate":0,"calls":41,"head":[0.35,0.79,-0.59],"yaw":-100,"pitch":-13}
2026-10-01T02:31:18.049Z [perf] {"mode":"xr","views":2,"target":"1680x1760","fps":25.2,"msMedian":34.7,"msP95":100,"msWorst":100.6,"calls":56,"tris":44662,"points":2600,"programs":22,"geometries":32,"textures":9,"abilities":1,"instances":190,"particles":0,"foveation":1}
2026-10-01T02:31:19.857Z [live] {"w":2,"cond":"NO_PARTICLES","t":20.2,"scored":true,"fps":21.9,"ms":45.6,"js":1.1,"top":"CastSystem:0.5 InputSystem:0.3 PanelUISystem:0.1","worst":100.6,"casting":true,"particles":0,"particleCount":0,"emissionRate":0,"calls":48,"head":[0.35,0.79,-0.59],"yaw":-100,"pitch":-13}
2026-10-01T02:31:21.859Z [live] {"w":2,"cond":"NO_PARTICLES","t":22.2,"scored":true,"fps":28.5,"ms":35.1,"js":1.1,"top":"CastSystem:0.6 InputSystem:0.3 PanelUISystem:0.1","worst":38,"casting":true,"particles":0,"particleCount":0,"emissionRate":0,"calls":47,"head":[0.35,0.79,-0.59],"yaw":-100,"pitch":-13}
2026-10-01T02:31:23.086Z [perf] {"mode":"xr","views":2,"target":"1680x1760","fps":26.2,"msMedian":35.2,"msP95":52.2,"msWorst":100.6,"calls":47,"tris":44644,"points":2600,"programs":22,"geometries":32,"textures":9,"abilities":1,"instances":190,"particles":0,"foveation":1}
2026-10-01T02:31:23.669Z [live] PARTICLE CHECK {"w":2,"cond":"NO_PARTICLES","valid":true,"particlePeak":0,"checks":11,"particleCount":0,"emissionRate":0}
2026-10-01T02:31:23.670Z [live] WINDOW RESULT {"name":"NO_PARTICLES","age":[47.1,35.1,46.2],"js":[1.4,1.2,1.2],"top":["CastSystem:0.5 InputSystem:0.5 PanelUISystem:0.1","CastSystem:0.5 InputSystem:0.4 PanelUISystem:0.1","CastSystem:0.5 InputSystem:0.4 PanelUISystem:0.1"],"mean":42.04,"p95":99.9,"slowPct":100,"worst":101,"castMean":40.2,"idleMean":98.52}
2026-10-01T02:31:23.670Z [live] ## WINDOW 3/20 NO_MIST
2026-10-01T02:31:25.699Z [live] {"w":3,"cond":"NO_MIST","t":2,"scored":true,"fps":29.6,"ms":33.8,"js":1.8,"top":"CastSystem:0.9 InputSystem:0.5 PanelUISystem:0.1","worst":100.7,"casting":true,"particles":601,"particleCount":1,"emissionRate":1,"calls":42,"head":[0.35,0.79,-0.59],"yaw":-100,"pitch":-13}
2026-10-01T02:31:27.714Z [live] {"w":3,"cond":"NO_MIST","t":4,"scored":true,"fps":29.8,"ms":33.6,"js":1.1,"top":"CastSystem:0.5 InputSystem:0.3 PanelUISystem:0.1","worst":36.2,"casting":true,"particles":241,"particleCount":1,"emissionRate":1,"calls":42,"head":[0.35,0.79,-0.59],"yaw":-100,"pitch":-13}
2026-10-01T02:31:28.101Z [perf] {"mode":"xr","views":2,"target":"1680x1760","fps":27.5,"msMedian":33.4,"msP95":71.2,"msWorst":100.7,"calls":42,"tris":44634,"points":2600,"programs":22,"geometries":32,"textures":9,"abilities":1,"instances":190,"particles":230,"foveation":1}
2026-10-01T02:31:29.776Z [live] {"w":3,"cond":"NO_MIST","t":6.1,"scored":true,"fps":20.9,"ms":48,"js":1,"top":"CastSystem:0.5 InputSystem:0.3 PanelUISystem:0.1","worst":100.1,"casting":true,"particles":137,"particleCount":1,"emissionRate":1,"calls":36,"head":[0.35,0.79,-0.59],"yaw":-100,"pitch":-13}
2026-10-01T02:31:31.793Z [live] {"w":3,"cond":"NO_MIST","t":8.1,"scored":true,"fps":21.8,"ms":45.8,"js":1.1,"top":"CastSystem:0.5 InputSystem:0.3 CrystalBench:0.1","worst":100.1,"casting":true,"particles":676,"particleCount":1,"emissionRate":1,"calls":48,"head":[0.35,0.79,-0.59],"yaw":-100,"pitch":-13}
2026-10-01T02:31:33.126Z [perf] {"mode":"xr","views":2,"target":"1680x1760","fps":22.5,"msMedian":36.8,"msP95":99.9,"msWorst":100.1,"calls":48,"tris":44646,"points":2600,"programs":22,"geometries":32,"textures":9,"abilities":1,"instances":190,"particles":294,"foveation":1}
2026-10-01T02:31:33.804Z [live] {"w":3,"cond":"NO_MIST","t":10.1,"scored":true,"fps":27.9,"ms":35.9,"js":1.1,"top":"CastSystem:0.6 InputSystem:0.2 PanelUISystem:0.1","worst":38.1,"casting":true,"particles":257,"particleCount":1,"emissionRate":1,"calls":47,"head":[0.35,0.79,-0.59],"yaw":-100,"pitch":-13}
2026-10-01T02:31:35.869Z [live] {"w":3,"cond":"NO_MIST","t":12.2,"scored":true,"fps":19.8,"ms":50.4,"js":1,"top":"CastSystem:0.5 InputSystem:0.2 PanelUISystem:0.1","worst":100.5,"casting":true,"particles":151,"particleCount":1,"emissionRate":1,"calls":41,"head":[0.35,0.79,-0.59],"yaw":-100,"pitch":-13}
2026-10-01T02:31:37.890Z [live] {"w":3,"cond":"NO_MIST","t":14.2,"scored":true,"fps":21.3,"ms":47,"js":1,"top":"CastSystem:0.6 InputSystem:0.2 PanelUISystem:0.1","worst":100.3,"casting":true,"particles":597,"particleCount":1,"emissionRate":1,"calls":48,"head":[0.35,0.79,-0.59],"yaw":-100,"pitch":-13}
2026-10-01T02:31:38.133Z [perf] {"mode":"xr","views":2,"target":"1680x1760","fps":22,"msMedian":36.5,"msP95":100.2,"msWorst":100.5,"calls":48,"tris":44646,"points":2600,"programs":22,"geometries":32,"textures":9,"abilities":1,"instances":190,"particles":486,"foveation":1}
2026-10-01T02:31:39.912Z [live] {"w":3,"cond":"NO_MIST","t":16.2,"scored":true,"fps":28.7,"ms":34.9,"js":1.1,"top":"CastSystem:0.5 InputSystem:0.3 PanelUISystem:0.1","worst":36.7,"casting":true,"particles":257,"particleCount":1,"emissionRate":1,"calls":47,"head":[0.35,0.79,-0.59],"yaw":-100,"pitch":-13}
2026-10-01T02:31:41.963Z [live] {"w":3,"cond":"NO_MIST","t":18.3,"scored":true,"fps":19.5,"ms":51.3,"js":1.1,"top":"CastSystem:0.4 InputSystem:0.3 PanelUISystem:0.1","worst":100.4,"casting":true,"particles":136,"particleCount":1,"emissionRate":1,"calls":41,"head":[0.35,0.79,-0.59],"yaw":-100,"pitch":-13}
2026-10-01T02:31:43.215Z [perf] {"mode":"xr","views":2,"target":"1680x1760","fps":22.5,"msMedian":35.6,"msP95":100.2,"msWorst":100.4,"calls":48,"tris":44646,"points":2600,"programs":22,"geometries":32,"textures":9,"abilities":1,"instances":190,"particles":918,"foveation":1}
2026-10-01T02:31:44.038Z [live] {"w":3,"cond":"NO_MIST","t":20.3,"scored":true,"fps":23.2,"ms":43.1,"js":1.2,"top":"CastSystem:0.6 InputSystem:0.3 PanelUISystem:0.1","worst":100.4,"casting":true,"particles":595,"particleCount":1,"emissionRate":1,"calls":48,"head":[0.35,0.79,-0.59],"yaw":-100,"pitch":-13}
2026-10-01T02:31:46.062Z [live] {"w":3,"cond":"NO_MIST","t":22.3,"scored":true,"fps":28.9,"ms":34.6,"js":1.1,"top":"CastSystem:0.6 InputSystem:0.3 PanelUISystem:0.1","worst":37.3,"casting":true,"particles":245,"particleCount":1,"emissionRate":1,"calls":47,"head":[0.35,0.79,-0.59],"yaw":-100,"pitch":-13}
2026-10-01T02:31:47.680Z [live] PARTICLE CHECK {"w":3,"cond":"NO_MIST","valid":true,"particlePeak":676,"checks":11,"particleCount":1,"emissionRate":1}
2026-10-01T02:31:47.680Z [live] WINDOW RESULT {"name":"NO_MIST","age":[44.1,34.7,45.8],"js":[1.1,1.1,1.1],"top":["CastSystem:0.5 InputSystem:0.3 PanelUISystem:0.1","CastSystem:0.5 InputSystem:0.3 PanelUISystem:0.1","CastSystem:0.5 InputSystem:0.3 PanelUISystem:0.1"],"mean":40.91,"p95":99.9,"slowPct":100,"worst":100.7,"castMean":39.18,"idleMean":98.67}
2026-10-01T02:31:47.681Z [live] ## WINDOW 4/20 NO_SHARDS
2026-10-01T02:31:48.156Z [perf] {"mode":"xr","views":2,"target":"1680x1760","fps":25.6,"msMedian":34.6,"msP95":90.5,"msWorst":100.2,"calls":45,"tris":45138,"points":2600,"programs":22,"geometries":32,"textures":9,"abilities":1,"instances":190,"particles":505,"foveation":1}
2026-10-01T02:31:49.726Z [live] {"w":4,"cond":"NO_SHARDS","t":2,"scored":true,"fps":13.7,"ms":73.1,"js":2.8,"top":"CastSystem:1.3 InputSystem:0.6 PanelUISystem:0.2","worst":100.3,"casting":true,"particles":559,"particleCount":1,"emissionRate":1,"calls":43,"head":[0.35,0.79,-0.59],"yaw":-100,"pitch":-13}
2026-10-01T02:31:51.727Z [live] {"w":4,"cond":"NO_SHARDS","t":4,"scored":true,"fps":10,"ms":100,"js":1.4,"top":"CastSystem:0.6 InputSystem:0.5 CrystalBench:0.1","worst":100.8,"casting":true,"particles":383,"particleCount":1,"emissionRate":1,"calls":45,"head":[0.35,0.79,-0.59],"yaw":-100,"pitch":-13}
2026-10-01T02:31:53.226Z [perf] {"mode":"xr","views":2,"target":"1680x1760","fps":10.8,"msMedian":99.9,"msP95":100.4,"msWorst":100.8,"calls":43,"tris":44636,"points":2600,"programs":22,"geometries":32,"textures":9,"abilities":1,"instances":190,"particles":255,"foveation":1}
2026-10-01T02:31:53.827Z [live] {"w":4,"cond":"NO_SHARDS","t":6.1,"scored":true,"fps":10,"ms":100,"js":1.3,"top":"CastSystem:0.5 InputSystem:0.5 CrystalBench:0.1","worst":100.7,"casting":true,"particles":189,"particleCount":1,"emissionRate":1,"calls":37,"head":[0.35,0.79,-0.59],"yaw":-100,"pitch":-13}
2026-10-01T02:31:55.827Z [live] {"w":4,"cond":"NO_SHARDS","t":8.1,"scored":true,"fps":10,"ms":100,"js":1.2,"top":"CastSystem:0.6 InputSystem:0.3 PanelUISystem:0.1","worst":100.2,"casting":true,"particles":611,"particleCount":1,"emissionRate":1,"calls":48,"head":[0.35,0.79,-0.59],"yaw":-100,"pitch":-13}
2026-10-01T02:31:57.827Z [live] {"w":4,"cond":"NO_SHARDS","t":10.1,"scored":true,"fps":10,"ms":100,"js":1.2,"top":"CastSystem:0.6 InputSystem:0.3 CrystalBench:0.1","worst":100.5,"casting":true,"particles":396,"particleCount":1,"emissionRate":1,"calls":47,"head":[0.35,0.79,-0.59],"yaw":-100,"pitch":-13}
2026-10-01T02:31:58.227Z [perf] {"mode":"xr","views":2,"target":"1680x1760","fps":10,"msMedian":100,"msP95":100.3,"msWorst":100.7,"calls":47,"tris":44644,"points":2600,"programs":22,"geometries":32,"textures":9,"abilities":1,"instances":190,"particles":345,"foveation":1}
2026-10-01T02:31:59.866Z [live] {"w":4,"cond":"NO_SHARDS","t":12.2,"scored":true,"fps":11.8,"ms":84.9,"js":1.1,"top":"CastSystem:0.5 InputSystem:0.3 PanelUISystem:0.1","worst":100.3,"casting":true,"particles":184,"particleCount":1,"emissionRate":1,"calls":41,"head":[0.35,0.79,-0.59],"yaw":-100,"pitch":-13}
2026-10-01T02:32:01.876Z [live] {"w":4,"cond":"NO_SHARDS","t":14.2,"scored":true,"fps":13.4,"ms":74.5,"js":1.1,"top":"CastSystem:0.5 InputSystem:0.2 CrystalBench:0.1","worst":100.2,"casting":true,"particles":619,"particleCount":1,"emissionRate":1,"calls":48,"head":[0.35,0.79,-0.59],"yaw":-100,"pitch":-13}
2026-10-01T02:32:03.273Z [perf] {"mode":"xr","views":2,"target":"1680x1760","fps":13.1,"msMedian":72.3,"msP95":100.2,"msWorst":100.3,"calls":47,"tris":44644,"points":2600,"programs":22,"geometries":32,"textures":9,"abilities":1,"instances":190,"particles":466,"foveation":1}
2026-10-01T02:32:03.928Z [live] {"w":4,"cond":"NO_SHARDS","t":16.2,"scored":true,"fps":13.6,"ms":73.3,"js":1.1,"top":"CastSystem:0.6 InputSystem:0.3 PanelUISystem:0.1","worst":79.2,"casting":true,"particles":381,"particleCount":1,"emissionRate":1,"calls":47,"head":[0.35,0.79,-0.59],"yaw":-100,"pitch":-13}
2026-10-01T02:32:06.014Z [live] {"w":4,"cond":"NO_SHARDS","t":18.3,"scored":true,"fps":13.5,"ms":74.3,"js":1,"top":"CastSystem:0.5 InputSystem:0.3 PanelUISystem:0.1","worst":100.3,"casting":true,"particles":213,"particleCount":1,"emissionRate":1,"calls":56,"head":[0.35,0.79,-0.59],"yaw":-100,"pitch":-13}
2026-10-01T02:32:08.010Z [live] {"w":4,"cond":"NO_SHARDS","t":20.3,"scored":true,"fps":14,"ms":71.5,"js":1.1,"top":"CastSystem:0.6 InputSystem:0.3 PanelUISystem:0.1","worst":100.5,"casting":true,"particles":617,"particleCount":1,"emissionRate":1,"calls":48,"head":[0.35,0.79,-0.59],"yaw":-100,"pitch":-13}
2026-10-01T02:32:08.320Z [perf] {"mode":"xr","views":2,"target":"1680x1760","fps":13.7,"msMedian":67.9,"msP95":100.3,"msWorst":100.5,"calls":48,"tris":44646,"points":2600,"programs":22,"geometries":32,"textures":9,"abilities":1,"instances":190,"particles":589,"foveation":1}
2026-10-01T02:32:10.062Z [live] {"w":4,"cond":"NO_SHARDS","t":22.4,"scored":true,"fps":12.7,"ms":78.8,"js":1.1,"top":"CastSystem:0.5 InputSystem:0.3 PanelUISystem:0.1","worst":86.2,"casting":true,"particles":354,"particleCount":1,"emissionRate":1,"calls":47,"head":[0.35,0.79,-0.59],"yaw":-100,"pitch":-13}
2026-10-01T02:32:11.700Z [live] PARTICLE CHECK {"w":4,"cond":"NO_SHARDS","valid":true,"particlePeak":619,"checks":11,"particleCount":1,"emissionRate":1}
2026-10-01T02:32:11.701Z [live] WINDOW RESULT {"name":"NO_SHARDS","age":[79.7,86,81.3],"js":[1.2,1.2,1.1],"top":["CastSystem:0.6 InputSystem:0.3 PanelUISystem:0.1","CastSystem:0.6 InputSystem:0.3 PanelUISystem:0.1","CastSystem:0.5 InputSystem:0.3 PanelUISystem:0.1"],"mean":82.25,"p95":100.2,"slowPct":100,"worst":100.8,"castMean":81.31,"idleMean":98.38}
2026-10-01T02:32:11.702Z [live] ## WINDOW 5/20 NO_GLITTER
2026-10-01T02:32:13.347Z [perf] {"mode":"xr","views":2,"target":"1680x1760","fps":13.1,"msMedian":76.9,"msP95":99.8,"msWorst":100.3,"calls":44,"tris":44638,"points":2600,"programs":22,"geometries":32,"textures":9,"abilities":1,"instances":190,"particles":855,"foveation":1}
2026-10-01T02:32:13.755Z [live] {"w":5,"cond":"NO_GLITTER","t":2,"scored":true,"fps":12.7,"ms":78.8,"js":2,"top":"CastSystem:0.9 InputSystem:0.5 PanelUISystem:0.1","worst":100.5,"casting":true,"particles":662,"particleCount":1,"emissionRate":1,"calls":44,"head":[0.35,0.79,-0.59],"yaw":-100,"pitch":-13}
2026-10-01T02:32:15.847Z [live] {"w":5,"cond":"NO_GLITTER","t":4.1,"scored":true,"fps":10,"ms":100,"js":1.1,"top":"CastSystem:0.6 InputSystem:0.3 CrystalBench:0.1","worst":100.4,"casting":true,"particles":121,"particleCount":1,"emissionRate":1,"calls":44,"head":[0.35,0.79,-0.59],"yaw":-100,"pitch":-13}
2026-10-01T02:32:17.845Z [live] {"w":5,"cond":"NO_GLITTER","t":6.1,"scored":true,"fps":10,"ms":100,"js":0.9,"top":"CastSystem:0.3 InputSystem:0.2 PanelUISystem:0.1","worst":100.7,"casting":true,"particles":43,"particleCount":1,"emissionRate":1,"calls":38,"head":[0.35,0.79,-0.59],"yaw":-100,"pitch":-13}
2026-10-01T02:32:18.447Z [perf] {"mode":"xr","views":2,"target":"1680x1760","fps":10,"msMedian":100,"msP95":100.4,"msWorst":100.7,"calls":75,"tris":45198,"points":2600,"programs":22,"geometries":32,"textures":9,"abilities":1,"instances":190,"particles":1003,"foveation":1}
2026-10-01T02:32:19.883Z [live] {"w":5,"cond":"NO_GLITTER","t":8.2,"scored":true,"fps":12.3,"ms":81.4,"js":1.2,"top":"CastSystem:0.6 InputSystem:0.3 PanelUISystem:0.1","worst":100.2,"casting":true,"particles":633,"particleCount":1,"emissionRate":1,"calls":48,"head":[0.35,0.79,-0.59],"yaw":-100,"pitch":-13}
2026-10-01T02:32:21.960Z [live] {"w":5,"cond":"NO_GLITTER","t":10.3,"scored":true,"fps":12,"ms":83.1,"js":1.1,"top":"CastSystem:0.6 InputSystem:0.3 PanelUISystem:0.1","worst":96.7,"casting":true,"particles":125,"particleCount":1,"emissionRate":1,"calls":47,"head":[0.35,0.79,-0.59],"yaw":-100,"pitch":-13}
2026-10-01T02:32:23.450Z [perf] {"mode":"xr","views":2,"target":"1680x1760","fps":12.8,"msMedian":76.2,"msP95":100,"msWorst":100.1,"calls":47,"tris":44644,"points":2600,"programs":22,"geometries":32,"textures":9,"abilities":0,"instances":0,"particles":56,"foveation":1}
2026-10-01T02:32:24.049Z [live] {"w":5,"cond":"NO_GLITTER","t":12.4,"scored":true,"fps":12.4,"ms":80.4,"js":1,"top":"CastSystem:0.4 InputSystem:0.3 PanelUISystem:0.1","worst":100.1,"casting":true,"particles":67,"particleCount":1,"emissionRate":1,"calls":56,"head":[0.35,0.79,-0.59],"yaw":-100,"pitch":-13}
2026-10-01T02:32:26.062Z [live] {"w":5,"cond":"NO_GLITTER","t":14.4,"scored":true,"fps":12.6,"ms":79.6,"js":1.1,"top":"CastSystem:0.5 InputSystem:0.3 PanelUISystem:0.1","worst":100.2,"casting":true,"particles":543,"particleCount":1,"emissionRate":1,"calls":48,"head":[0.35,0.79,-0.59],"yaw":-100,"pitch":-13}
2026-10-01T02:32:28.120Z [live] {"w":5,"cond":"NO_GLITTER","t":16.5,"scored":true,"fps":13.1,"ms":76.2,"js":1.1,"top":"CastSystem:0.5 InputSystem:0.3 PanelUISystem:0.1","worst":82.8,"casting":true,"particles":116,"particleCount":1,"emissionRate":1,"calls":47,"head":[0.35,0.79,-0.59],"yaw":-100,"pitch":-13}
2026-10-01T02:32:28.460Z [perf] {"mode":"xr","views":2,"target":"1680x1760","fps":12.6,"msMedian":77,"msP95":100.1,"msWorst":100.2,"calls":47,"tris":44644,"points":2600,"programs":22,"geometries":32,"textures":9,"abilities":1,"instances":190,"particles":94,"foveation":1}
2026-10-01T02:32:30.210Z [live] {"w":5,"cond":"NO_GLITTER","t":18.6,"scored":true,"fps":12.5,"ms":80.3,"js":1.1,"top":"CastSystem:0.5 InputSystem:0.3 PanelUISystem:0.1","worst":100.3,"casting":true,"particles":792,"particleCount":1,"emissionRate":1,"calls":78,"head":[0.35,0.79,-0.59],"yaw":-100,"pitch":-13}
2026-10-01T02:32:32.265Z [live] {"w":5,"cond":"NO_GLITTER","t":20.6,"scored":true,"fps":14.1,"ms":71,"js":1.1,"top":"CastSystem:0.5 InputSystem:0.3 PanelUISystem:0.1","worst":100.2,"casting":true,"particles":467,"particleCount":1,"emissionRate":1,"calls":48,"head":[0.35,0.79,-0.59],"yaw":-100,"pitch":-13}
2026-10-01T02:32:33.538Z [perf] {"mode":"xr","views":2,"target":"1680x1760","fps":13,"msMedian":77.4,"msP95":100.1,"msWorst":100.3,"calls":47,"tris":44644,"points":2600,"programs":22,"geometries":32,"textures":9,"abilities":1,"instances":190,"particles":175,"foveation":1}
2026-10-01T02:32:34.308Z [live] {"w":5,"cond":"NO_GLITTER","t":22.7,"scored":true,"fps":13.2,"ms":75.7,"js":1,"top":"CastSystem:0.5 InputSystem:0.3 PanelUISystem:0.1","worst":87.5,"casting":true,"particles":107,"particleCount":1,"emissionRate":1,"calls":47,"head":[0.35,0.79,-0.59],"yaw":-100,"pitch":-13}
2026-10-01T02:32:35.692Z [live] PARTICLE CHECK {"w":5,"cond":"NO_GLITTER","valid":true,"particlePeak":792,"checks":11,"particleCount":1,"emissionRate":1}
2026-10-01T02:32:35.693Z [live] WINDOW RESULT {"name":"NO_GLITTER","age":[81,81.9,80.9],"js":[1.1,1.1,1],"top":["CastSystem:0.6 InputSystem:0.3 PanelUISystem:0.1","CastSystem:0.5 InputSystem:0.3 PanelUISystem:0.1","CastSystem:0.4 InputSystem:0.3 PanelUISystem:0.1"],"mean":81.26,"p95":100.2,"slowPct":100,"worst":100.7,"castMean":80.16,"idleMean":99.42}
2026-10-01T02:32:35.693Z [live] ## WINDOW 6/20 NO_BURSTS
2026-10-01T02:32:37.754Z [live] {"w":6,"cond":"NO_BURSTS","t":2.1,"scored":true,"fps":12.6,"ms":79.3,"js":1.8,"top":"CastSystem:0.8 InputSystem:0.4 PanelUISystem:0.1","worst":100.1,"casting":true,"particles":928,"particleCount":1,"emissionRate":1,"calls":45,"head":[0.35,0.79,-0.59],"yaw":-100,"pitch":-13}
2026-10-01T02:32:38.555Z [perf] {"mode":"xr","views":2,"target":"1680x1760","fps":12.5,"msMedian":75.8,"msP95":100.1,"msWorst":100.5,"calls":45,"tris":44640,"points":2600,"programs":22,"geometries":32,"textures":9,"abilities":1,"instances":190,"particles":574,"foveation":1}
2026-10-01T02:32:39.755Z [live] {"w":6,"cond":"NO_BURSTS","t":4.1,"scored":true,"fps":10,"ms":100,"js":1,"top":"CastSystem:0.5 InputSystem:0.2 ScreenSpaceUISystem:0.1","worst":100.5,"casting":true,"particles":373,"particleCount":1,"emissionRate":1,"calls":45,"head":[0.35,0.79,-0.59],"yaw":-100,"pitch":-13}
2026-10-01T02:32:41.854Z [live] {"w":6,"cond":"NO_BURSTS","t":6.2,"scored":true,"fps":10,"ms":100,"js":0.9,"top":"CastSystem:0.4 InputSystem:0.3 PanelUISystem:0.1","worst":100.3,"casting":true,"particles":177,"particleCount":1,"emissionRate":1,"calls":39,"head":[0.35,0.79,-0.59],"yaw":-100,"pitch":-13}
2026-10-01T02:32:43.559Z [perf] {"mode":"xr","views":2,"target":"1680x1760","fps":10,"msMedian":100,"msP95":100.2,"msWorst":100.4,"calls":48,"tris":44646,"points":2600,"programs":22,"geometries":32,"textures":9,"abilities":1,"instances":190,"particles":1097,"foveation":1}
2026-10-01T02:32:43.903Z [live] {"w":6,"cond":"NO_BURSTS","t":8.2,"scored":true,"fps":10.7,"ms":93.1,"js":1.1,"top":"CastSystem:0.6 InputSystem:0.3 PanelUISystem:0.1","worst":100.2,"casting":true,"particles":960,"particleCount":1,"emissionRate":1,"calls":48,"head":[0.35,0.79,-0.59],"yaw":-100,"pitch":-13}
2026-10-01T02:32:45.930Z [live] {"w":6,"cond":"NO_BURSTS","t":10.2,"scored":true,"fps":12.8,"ms":77.9,"js":1.1,"top":"CastSystem:0.6 InputSystem:0.3 PanelUISystem:0.1","worst":92.3,"casting":true,"particles":385,"particleCount":1,"emissionRate":1,"calls":47,"head":[0.35,0.79,-0.59],"yaw":-100,"pitch":-13}
2026-10-01T02:32:47.966Z [live] {"w":6,"cond":"NO_BURSTS","t":12.3,"scored":true,"fps":12.8,"ms":78.4,"js":1,"top":"CastSystem:0.5 InputSystem:0.3 PanelUISystem:0.1","worst":100,"casting":true,"particles":222,"particleCount":1,"emissionRate":1,"calls":43,"head":[0.35,0.79,-0.59],"yaw":-100,"pitch":-13}
2026-10-01T02:32:48.567Z [perf] {"mode":"xr","views":2,"target":"1680x1760","fps":12.6,"msMedian":76,"msP95":100,"msWorst":100.3,"calls":77,"tris":44704,"points":2600,"programs":22,"geometries":32,"textures":9,"abilities":1,"instances":190,"particles":1280,"foveation":1}
2026-10-01T02:32:50.020Z [live] {"w":6,"cond":"NO_BURSTS","t":14.3,"scored":true,"fps":13.7,"ms":73.1,"js":1.4,"top":"CastSystem:0.6 InputSystem:0.6 PanelUISystem:0.0","worst":100.3,"casting":true,"particles":886,"particleCount":1,"emissionRate":1,"calls":51,"head":[0.35,0.79,-0.59],"yaw":-100,"pitch":-13}
2026-10-01T02:32:52.079Z [live] {"w":6,"cond":"NO_BURSTS","t":16.4,"scored":true,"fps":13.1,"ms":76.4,"js":1.5,"top":"InputSystem:0.7 CastSystem:0.5 PanelUISystem:0.1","worst":83.7,"casting":true,"particles":361,"particleCount":1,"emissionRate":1,"calls":49,"head":[0.35,0.79,-0.59],"yaw":-100,"pitch":-13}
2026-10-01T02:32:53.586Z [perf] {"mode":"xr","views":2,"target":"1680x1760","fps":14,"msMedian":71.9,"msP95":97.3,"msWorst":99.9,"calls":42,"tris":18056,"points":2600,"programs":22,"geometries":32,"textures":9,"abilities":0,"instances":0,"particles":225,"foveation":1}
2026-10-01T02:32:54.087Z [live] {"w":6,"cond":"NO_BURSTS","t":18.4,"scored":true,"fps":12.9,"ms":77.2,"js":1.5,"top":"InputSystem:0.7 CastSystem:0.5 PanelUISystem:0.1","worst":100.4,"casting":true,"particles":211,"particleCount":1,"emissionRate":1,"calls":57,"head":[0.35,0.79,-0.59],"yaw":-100,"pitch":-13}
2026-10-01T02:32:56.097Z [live] {"w":6,"cond":"NO_BURSTS","t":20.4,"scored":true,"fps":14.9,"ms":67.2,"js":1.2,"top":"CastSystem:0.6 InputSystem:0.4 PanelUISystem:0.1","worst":100.2,"casting":true,"particles":878,"particleCount":1,"emissionRate":1,"calls":48,"head":[0.35,0.79,-0.59],"yaw":-100,"pitch":-13}
2026-10-01T02:32:58.129Z [live] {"w":6,"cond":"NO_BURSTS","t":22.4,"scored":true,"fps":12.8,"ms":78.2,"js":1.2,"top":"CastSystem:0.6 InputSystem:0.3 PanelUISystem:0.1","worst":95.2,"casting":true,"particles":364,"particleCount":1,"emissionRate":1,"calls":47,"head":[0.35,0.79,-0.59],"yaw":-100,"pitch":-13}
2026-10-01T02:32:58.629Z [perf] {"mode":"xr","views":2,"target":"1680x1760","fps":13.5,"msMedian":72.1,"msP95":100.1,"msWorst":100.4,"calls":47,"tris":44644,"points":2600,"programs":22,"geometries":32,"textures":9,"abilities":1,"instances":190,"particles":312,"foveation":1}
2026-10-01T02:32:59.746Z [live] PARTICLE CHECK {"w":6,"cond":"NO_BURSTS","valid":true,"particlePeak":960,"checks":11,"particleCount":1,"emissionRate":1}
2026-10-01T02:32:59.747Z [live] WINDOW RESULT {"name":"NO_BURSTS","age":[80.1,80.6,80.6],"js":[1.2,1.2,1.2],"top":["CastSystem:0.6 InputSystem:0.4 PanelUISystem:0.1","CastSystem:0.5 InputSystem:0.4 PanelUISystem:0.1","CastSystem:0.5 InputSystem:0.4 PanelUISystem:0.1"],"mean":80.45,"p95":100.2,"slowPct":100,"worst":100.5,"castMean":79.31,"idleMean":98.19}
2026-10-01T02:32:59.747Z [live] ## WINDOW 7/20 NO_DECALS
2026-10-01T02:33:01.758Z [live] {"w":7,"cond":"NO_DECALS","t":2,"scored":true,"fps":13.4,"ms":74.4,"js":2.5,"top":"InputSystem:1.0 CastSystem:1.0 CrystalBench:0.1","worst":100.4,"casting":true,"particles":972,"particleCount":1,"emissionRate":1,"calls":18,"head":[0.35,0.79,-0.59],"yaw":-100,"pitch":-13}
2026-10-01T02:33:03.657Z [perf] {"mode":"xr","views":2,"target":"1680x1760","fps":11.9,"msMedian":99.2,"msP95":100.4,"msWorst":100.5,"calls":18,"tris":44586,"points":2600,"programs":22,"geometries":32,"textures":9,"abilities":1,"instances":190,"particles":413,"foveation":1}
2026-10-01T02:33:03.759Z [live] {"w":7,"cond":"NO_DECALS","t":4,"scored":true,"fps":10,"ms":100,"js":1.3,"top":"InputSystem:0.5 CastSystem:0.5 PanelUISystem:0.1","worst":100.5,"casting":true,"particles":390,"particleCount":1,"emissionRate":1,"calls":18,"head":[0.35,0.79,-0.59],"yaw":-100,"pitch":-13}
2026-10-01T02:33:05.771Z [live] {"w":7,"cond":"NO_DECALS","t":6,"scored":true,"fps":22.3,"ms":44.8,"js":1.2,"top":"InputSystem:0.6 CastSystem:0.3 PanelUISystem:0.1","worst":100.6,"casting":true,"particles":198,"particleCount":1,"emissionRate":1,"calls":15,"head":[0.35,0.79,-0.59],"yaw":-100,"pitch":-13}
2026-10-01T02:33:07.808Z [live] {"w":7,"cond":"NO_DECALS","t":8.1,"scored":true,"fps":17.2,"ms":58.2,"js":1.4,"top":"InputSystem:0.6 CastSystem:0.5 PanelUISystem:0.1","worst":100.5,"casting":true,"particles":936,"particleCount":1,"emissionRate":1,"calls":20,"head":[0.35,0.79,-0.59],"yaw":-100,"pitch":-13}
2026-10-01T02:33:08.707Z [perf] {"mode":"xr","views":2,"target":"1680x1760","fps":17.8,"msMedian":48.1,"msP95":100.1,"msWorst":100.6,"calls":20,"tris":49214,"points":2600,"programs":22,"geometries":32,"textures":9,"abilities":1,"instances":190,"particles":566,"foveation":1}
2026-10-01T02:33:09.908Z [live] {"w":7,"cond":"NO_DECALS","t":10.2,"scored":true,"fps":10,"ms":100,"js":1.3,"top":"CastSystem:0.5 InputSystem:0.5 PanelUISystem:0.1","worst":100.5,"casting":true,"particles":376,"particleCount":1,"emissionRate":1,"calls":18,"head":[0.35,0.79,-0.59],"yaw":-100,"pitch":-13}
2026-10-01T02:33:11.912Z [live] {"w":7,"cond":"NO_DECALS","t":12.2,"scored":true,"fps":13.5,"ms":74.2,"js":1,"top":"CastSystem:0.4 InputSystem:0.3 PanelUISystem:0.1","worst":100.4,"casting":true,"particles":325,"particleCount":1,"emissionRate":1,"calls":18,"head":[0.35,0.79,-0.59],"yaw":-100,"pitch":-13}
2026-10-01T02:33:13.796Z [perf] {"mode":"xr","views":2,"target":"1680x1760","fps":13.2,"msMedian":99.4,"msP95":100.3,"msWorst":100.4,"calls":18,"tris":44586,"points":2600,"programs":22,"geometries":32,"textures":9,"abilities":1,"instances":190,"particles":917,"foveation":1}
2026-10-01T02:33:13.996Z [live] {"w":7,"cond":"NO_DECALS","t":14.3,"scored":true,"fps":14.4,"ms":69.5,"js":1.1,"top":"CastSystem:0.6 InputSystem:0.3 PanelUISystem:0.1","worst":100.4,"casting":true,"particles":826,"particleCount":1,"emissionRate":1,"calls":18,"head":[0.35,0.79,-0.59],"yaw":-100,"pitch":-13}
2026-10-01T02:33:16.099Z [live] {"w":7,"cond":"NO_DECALS","t":16.4,"scored":true,"fps":10,"ms":100,"js":1.1,"top":"CastSystem:0.6 InputSystem:0.3 CrystalBench:0.1","worst":100.5,"casting":true,"particles":341,"particleCount":1,"emissionRate":1,"calls":18,"head":[0.35,0.79,-0.59],"yaw":-100,"pitch":-13}
2026-10-01T02:33:18.128Z [live] {"w":7,"cond":"NO_DECALS","t":18.4,"scored":true,"fps":21.1,"ms":47.3,"js":0.9,"top":"InputSystem:0.3 CastSystem:0.3 PanelUISystem:0.1","worst":100.5,"casting":true,"particles":1139,"particleCount":1,"emissionRate":1,"calls":19,"head":[0.35,0.79,-0.59],"yaw":-100,"pitch":-13}
2026-10-01T02:33:18.854Z [perf] {"mode":"xr","views":2,"target":"1680x1760","fps":15,"msMedian":93.1,"msP95":100.4,"msWorst":100.5,"calls":19,"tris":45086,"points":2600,"programs":22,"geometries":32,"textures":9,"abilities":1,"instances":190,"particles":1292,"foveation":1}
2026-10-01T02:33:20.129Z [live] {"w":7,"cond":"NO_DECALS","t":20.4,"scored":true,"fps":11.5,"ms":87,"js":1.2,"top":"CastSystem:0.6 InputSystem:0.3 PanelUISystem:0.0","worst":100.1,"casting":true,"particles":787,"particleCount":1,"emissionRate":1,"calls":18,"head":[0.35,0.79,-0.59],"yaw":-100,"pitch":-13}
2026-10-01T02:33:22.228Z [live] {"w":7,"cond":"NO_DECALS","t":22.5,"scored":true,"fps":10,"ms":100,"js":1.1,"top":"CastSystem:0.6 InputSystem:0.3 PanelUISystem:0.1","worst":100.5,"casting":true,"particles":344,"particleCount":1,"emissionRate":1,"calls":18,"head":[0.35,0.79,-0.59],"yaw":-100,"pitch":-13}
2026-10-01T02:33:23.756Z [live] PARTICLE CHECK {"w":7,"cond":"NO_DECALS","valid":true,"particlePeak":1139,"checks":11,"particleCount":1,"emissionRate":1}
2026-10-01T02:33:23.756Z [live] WINDOW RESULT {"name":"NO_DECALS","age":[59.8,100,59.3],"js":[1.3,1.2,1],"top":["CastSystem:0.5 InputSystem:0.5 PanelUISystem:0.1","CastSystem:0.5 InputSystem:0.4 PanelUISystem:0.1","InputSystem:0.4 CastSystem:0.3 PanelUISystem:0.1"],"mean":68.8,"p95":100.3,"slowPct":100,"worst":100.6,"castMean":77.23,"idleMean":28.97}
2026-10-01T02:33:23.756Z [live] ## WINDOW 8/20 NO_CRYSTALS
2026-10-01T02:33:23.858Z [perf] {"mode":"xr","views":2,"target":"1680x1760","fps":15.6,"msMedian":98.1,"msP95":100.2,"msWorst":100.5,"calls":17,"tris":17996,"points":2600,"programs":22,"geometries":32,"textures":9,"abilities":1,"instances":190,"particles":46,"foveation":1}
2026-10-01T02:33:25.776Z [live] {"w":8,"cond":"NO_CRYSTALS","t":2,"scored":true,"fps":18.3,"ms":54.6,"js":1.9,"top":"CastSystem:0.7 InputSystem:0.6 PanelUISystem:0.1","worst":100.3,"casting":true,"particles":846,"particleCount":1,"emissionRate":1,"calls":36,"head":[0.35,0.79,-0.59],"yaw":-100,"pitch":-13}
2026-10-01T02:33:27.874Z [live] {"w":8,"cond":"NO_CRYSTALS","t":4.1,"scored":true,"fps":10,"ms":100,"js":1.2,"top":"CastSystem:0.6 InputSystem:0.3 CrystalBench:0.1","worst":100.3,"casting":true,"particles":370,"particleCount":1,"emissionRate":1,"calls":36,"head":[0.35,0.79,-0.59],"yaw":-100,"pitch":-13}
2026-10-01T02:33:28.875Z [perf] {"mode":"xr","views":2,"target":"1680x1760","fps":12,"msMedian":99.9,"msP95":100.3,"msWorst":100.3,"calls":36,"tris":18034,"points":2600,"programs":22,"geometries":32,"textures":9,"abilities":1,"instances":190,"particles":272,"foveation":1}
2026-10-01T02:33:29.873Z [live] {"w":8,"cond":"NO_CRYSTALS","t":6.1,"scored":true,"fps":10,"ms":100,"js":1,"top":"CastSystem:0.4 InputSystem:0.3 PanelUISystem:0.1","worst":100.5,"casting":true,"particles":188,"particleCount":1,"emissionRate":1,"calls":36,"head":[0.35,0.79,-0.59],"yaw":-100,"pitch":-13}
2026-10-01T02:33:31.876Z [live] {"w":8,"cond":"NO_CRYSTALS","t":8.1,"scored":true,"fps":10,"ms":100.1,"js":1.1,"top":"CastSystem:0.5 InputSystem:0.2 PanelUISystem:0.1","worst":100.6,"casting":true,"particles":952,"particleCount":1,"emissionRate":1,"calls":42,"head":[0.35,0.79,-0.59],"yaw":-100,"pitch":-13}
2026-10-01T02:33:33.879Z [live] {"w":8,"cond":"NO_CRYSTALS","t":10.1,"scored":true,"fps":10,"ms":100.2,"js":1.2,"top":"CastSystem:0.6 InputSystem:0.3 CrystalBench:0.1","worst":100.7,"casting":true,"particles":396,"particleCount":1,"emissionRate":1,"calls":41,"head":[0.35,0.79,-0.59],"yaw":-100,"pitch":-13}
2026-10-01T02:33:33.879Z [perf] {"mode":"xr","views":2,"target":"1680x1760","fps":10,"msMedian":100.1,"msP95":100.6,"msWorst":100.7,"calls":41,"tris":18044,"points":2600,"programs":22,"geometries":32,"textures":9,"abilities":1,"instances":190,"particles":396,"foveation":1}
2026-10-01T02:33:35.882Z [live] {"w":8,"cond":"NO_CRYSTALS","t":12.1,"scored":true,"fps":10,"ms":100.2,"js":1,"top":"CastSystem:0.4 InputSystem:0.3 PanelUISystem:0.1","worst":100.7,"casting":true,"particles":181,"particleCount":1,"emissionRate":1,"calls":41,"head":[0.35,0.79,-0.59],"yaw":-100,"pitch":-13}
2026-10-01T02:33:37.887Z [live] {"w":8,"cond":"NO_CRYSTALS","t":14.1,"scored":true,"fps":10,"ms":100.2,"js":1.2,"top":"CastSystem:0.7 InputSystem:0.3 PanelUISystem:0.1","worst":100.8,"casting":true,"particles":970,"particleCount":1,"emissionRate":1,"calls":42,"head":[0.35,0.79,-0.59],"yaw":-100,"pitch":-13}
2026-10-01T02:33:38.889Z [perf] {"mode":"xr","views":2,"target":"1680x1760","fps":10,"msMedian":100.2,"msP95":100.4,"msWorst":100.8,"calls":42,"tris":18046,"points":2600,"programs":22,"geometries":32,"textures":9,"abilities":1,"instances":190,"particles":542,"foveation":1}
2026-10-01T02:33:39.891Z [live] {"w":8,"cond":"NO_CRYSTALS","t":16.1,"scored":true,"fps":10,"ms":100.2,"js":1.2,"top":"CastSystem:0.6 InputSystem:0.2 PanelUISystem:0.1","worst":100.6,"casting":true,"particles":385,"particleCount":1,"emissionRate":1,"calls":41,"head":[0.35,0.79,-0.59],"yaw":-100,"pitch":-13}
2026-10-01T02:33:41.975Z [live] {"w":8,"cond":"NO_CRYSTALS","t":18.2,"scored":true,"fps":9.1,"ms":109.7,"js":1,"top":"CastSystem:0.4 InputSystem:0.3 CrystalBench:0.1","worst":281.5,"casting":false,"particles":176,"particleCount":1,"emissionRate":1,"calls":41,"head":[0.35,0.79,-0.59],"yaw":-100,"pitch":-13}
2026-10-01T02:33:45.195Z [live] {"w":8,"cond":"NO_CRYSTALS","t":21.4,"scored":true,"fps":6.2,"ms":160.9,"js":1.1,"top":"CastSystem:0.6 InputSystem:0.3 PanelUISystem:0.1","worst":1315.3,"casting":true,"particles":537,"particleCount":1,"emissionRate":1,"calls":42,"head":[0.35,0.79,-0.59],"yaw":-100,"pitch":-13}
2026-10-01T02:33:45.195Z [perf] {"mode":"xr","views":2,"target":"1680x1760","fps":7.8,"msMedian":100.2,"msP95":100.6,"msWorst":1315.3,"calls":42,"tris":18046,"points":2600,"programs":22,"geometries":32,"textures":9,"abilities":1,"instances":190,"particles":537,"foveation":1}
2026-10-01T02:33:48.575Z [live] {"w":8,"cond":"NO_CRYSTALS","t":24.8,"scored":true,"fps":5.9,"ms":169,"js":1.1,"top":"CastSystem:0.5 InputSystem:0.3 PanelUISystem:0.1","worst":1475.5,"casting":false,"particles":142,"particleCount":1,"emissionRate":1,"calls":41,"head":[0.35,0.79,-0.59],"yaw":-100,"pitch":-13}
2026-10-01T02:33:48.576Z [live] PARTICLE CHECK {"w":8,"cond":"NO_CRYSTALS","valid":true,"particlePeak":970,"checks":11,"particleCount":1,"emissionRate":1}
2026-10-01T02:33:48.576Z [live] WINDOW RESULT {"name":"NO_CRYSTALS","age":[82,118,120.6],"js":[1.1,1.2,1],"top":["CastSystem:0.6 InputSystem:0.3 PanelUISystem:0.1","CastSystem:0.6 InputSystem:0.3 PanelUISystem:0.1","CastSystem:0.5 InputSystem:0.3 PanelUISystem:0.1"],"mean":104.73,"p95":100.5,"slowPct":95.8,"worst":1475.5,"castMean":98.01,"idleMean":191.68}
2026-10-01T02:33:48.577Z [live] ## WINDOW 9/20 NO_ANYTHING
2026-10-01T02:33:50.277Z [perf] {"mode":"xr","views":2,"target":"1680x1760","fps":7.3,"msMedian":100.2,"msP95":100.7,"msWorst":1475.5,"calls":12,"tris":17986,"points":2600,"programs":22,"geometries":32,"textures":9,"abilities":1,"instances":190,"particles":0,"foveation":1}
2026-10-01T02:33:51.126Z [live] {"w":9,"cond":"NO_ANYTHING","t":2.6,"scored":true,"fps":7.4,"ms":134.4,"js":1.1,"top":"CastSystem:0.5 InputSystem:0.2 CrystalBench:0.2","worst":749.3,"casting":true,"particles":0,"particleCount":0,"emissionRate":0,"calls":12,"head":[0.35,0.79,-0.59],"yaw":-100,"pitch":-13}
2026-10-01T02:33:54.295Z [live] {"w":9,"cond":"NO_ANYTHING","t":5.7,"scored":true,"fps":6.3,"ms":158.5,"js":1,"top":"CastSystem:0.5 InputSystem:0.2 PanelUISystem:0.1","worst":1266,"casting":false,"particles":0,"particleCount":0,"emissionRate":0,"calls":12,"head":[0.35,0.79,-0.59],"yaw":-100,"pitch":-13}
2026-10-01T02:33:55.298Z [perf] {"mode":"xr","views":2,"target":"1680x1760","fps":6.4,"msMedian":100.2,"msP95":749.3,"msWorst":1266,"calls":12,"tris":17986,"points":2600,"programs":22,"geometries":32,"textures":9,"abilities":1,"instances":190,"particles":0,"foveation":1}
2026-10-01T02:33:57.718Z [live] {"w":9,"cond":"NO_ANYTHING","t":9.1,"scored":true,"fps":5.8,"ms":171,"js":1.1,"top":"CastSystem:0.5 InputSystem:0.3 PanelUISystem:0.1","worst":1515.7,"casting":true,"particles":0,"particleCount":0,"emissionRate":0,"calls":12,"head":[0.35,0.79,-0.59],"yaw":-100,"pitch":-13}
2026-10-01T02:33:59.718Z [live] {"w":9,"cond":"NO_ANYTHING","t":11.1,"scored":true,"fps":72.9,"ms":13.7,"js":1.2,"top":"CastSystem:0.6 InputSystem:0.3 PanelUISystem:0.1","worst":100.3,"casting":true,"particles":0,"particleCount":0,"emissionRate":0,"calls":12,"head":[0.35,0.79,-0.59],"yaw":-100,"pitch":-13}
2026-10-01T02:34:00.307Z [perf] {"mode":"xr","views":2,"target":"1680x1760","fps":41.7,"msMedian":11.2,"msP95":100,"msWorst":1515.7,"calls":12,"tris":17986,"points":2600,"programs":22,"geometries":32,"textures":9,"abilities":0,"instances":0,"particles":0,"foveation":1}
2026-10-01T02:34:01.719Z [live] {"w":9,"cond":"NO_ANYTHING","t":13.1,"scored":true,"fps":89.9,"ms":11.1,"js":1.2,"top":"CastSystem:0.5 InputSystem:0.3 PanelUISystem:0.1","worst":12.3,"casting":true,"particles":0,"particleCount":0,"emissionRate":0,"calls":12,"head":[0.35,0.79,-0.59],"yaw":-100,"pitch":-13}
2026-10-01T02:34:03.720Z [live] {"w":9,"cond":"NO_ANYTHING","t":15.1,"scored":true,"fps":89.5,"ms":11.2,"js":1.3,"top":"CastSystem:0.6 InputSystem:0.3 PanelUISystem:0.1","worst":20.2,"casting":true,"particles":0,"particleCount":0,"emissionRate":0,"calls":12,"head":[0.35,0.79,-0.59],"yaw":-100,"pitch":-13}
2026-10-01T02:34:05.308Z [perf] {"mode":"xr","views":2,"target":"1680x1760","fps":89.8,"msMedian":11.1,"msP95":11.7,"msWorst":20.2,"calls":12,"tris":17986,"points":2600,"programs":22,"geometries":32,"textures":9,"abilities":1,"instances":190,"particles":0,"foveation":1}
2026-10-01T02:34:05.720Z [live] {"w":9,"cond":"NO_ANYTHING","t":17.1,"scored":true,"fps":90,"ms":11.1,"js":1.3,"top":"CastSystem:0.6 InputSystem:0.3 PanelUISystem:0.1","worst":11.9,"casting":true,"particles":0,"particleCount":0,"emissionRate":0,"calls":12,"head":[0.35,0.79,-0.59],"yaw":-100,"pitch":-13}
2026-10-01T02:34:07.719Z [live] {"w":9,"cond":"NO_ANYTHING","t":19.1,"scored":true,"fps":90,"ms":11.1,"js":1.1,"top":"CastSystem:0.4 InputSystem:0.3 PanelUISystem:0.1","worst":12.3,"casting":true,"particles":0,"particleCount":0,"emissionRate":0,"calls":12,"head":[0.35,0.79,-0.59],"yaw":-100,"pitch":-13}
2026-10-01T02:34:09.730Z [live] {"w":9,"cond":"NO_ANYTHING","t":21.2,"scored":true,"fps":90,"ms":11.1,"js":1.3,"top":"CastSystem:0.6 InputSystem:0.3 PanelUISystem:0.1","worst":12.2,"casting":true,"particles":0,"particleCount":0,"emissionRate":0,"calls":12,"head":[0.35,0.79,-0.59],"yaw":-100,"pitch":-13}
2026-10-01T02:34:10.308Z [perf] {"mode":"xr","views":2,"target":"1680x1760","fps":90,"msMedian":11.1,"msP95":11.8,"msWorst":12.3,"calls":12,"tris":17986,"points":2600,"programs":22,"geometries":32,"textures":9,"abilities":1,"instances":190,"particles":0,"foveation":1}
2026-10-01T02:34:11.730Z [live] {"w":9,"cond":"NO_ANYTHING","t":23.2,"scored":true,"fps":90,"ms":11.1,"js":1.3,"top":"CastSystem:0.6 InputSystem:0.4 PanelUISystem:0.1","worst":12.1,"casting":true,"particles":0,"particleCount":0,"emissionRate":0,"calls":12,"head":[0.35,0.79,-0.59],"yaw":-100,"pitch":-13}
2026-10-01T02:34:12.575Z [live] PARTICLE CHECK {"w":9,"cond":"NO_ANYTHING","valid":true,"particlePeak":0,"checks":10,"particleCount":0,"emissionRate":0}
2026-10-01T02:34:12.575Z [live] WINDOW RESULT {"name":"NO_ANYTHING","age":[18.8,20.3,14.7],"js":[1.2,1.2,1.1],"top":["CastSystem:0.6 InputSystem:0.3 PanelUISystem:0.1","CastSystem:0.6 InputSystem:0.3 PanelUISystem:0.1","CastSystem:0.5 InputSystem:0.3 PanelUISystem:0.1"],"mean":17.64,"p95":13.3,"slowPct":5,"worst":1515.7,"castMean":17.11,"idleMean":22.49}
2026-10-01T02:34:12.576Z [live] ## WINDOW 10/20 NO_CAST
2026-10-01T02:34:14.585Z [live] {"w":10,"cond":"NO_CAST","t":2,"scored":true,"fps":90,"ms":11.1,"js":1.1,"top":"InputSystem:0.5 CastSystem:0.1 PanelUISystem:0.1","worst":11.9,"casting":false,"particles":0,"particleCount":1,"emissionRate":1,"calls":12,"head":[0.35,0.79,-0.59],"yaw":-100,"pitch":-13}
2026-10-01T02:34:15.308Z [perf] {"mode":"xr","views":2,"target":"1680x1760","fps":90,"msMedian":11.1,"msP95":11.7,"msWorst":12.2,"calls":12,"tris":17986,"points":2600,"programs":22,"geometries":32,"textures":9,"abilities":0,"instances":0,"particles":0,"foveation":1}
2026-10-01T02:34:16.586Z [live] {"w":10,"cond":"NO_CAST","t":4,"scored":true,"fps":90,"ms":11.1,"js":0.7,"top":"InputSystem:0.3 PanelUISystem:0.1 StageSystem:0.0","worst":11.9,"casting":false,"particles":0,"particleCount":1,"emissionRate":1,"calls":12,"head":[0.35,0.79,-0.59],"yaw":-100,"pitch":-13}
2026-10-01T02:34:18.596Z [live] {"w":10,"cond":"NO_CAST","t":6,"scored":true,"fps":90,"ms":11.1,"js":0.7,"top":"InputSystem:0.4 PanelUISystem:0.1 ScreenSpaceUISystem:0.0","worst":12.1,"casting":false,"particles":0,"particleCount":1,"emissionRate":1,"calls":12,"head":[0.35,0.79,-0.59],"yaw":-100,"pitch":-13}
2026-10-01T02:34:20.308Z [perf] {"mode":"xr","views":2,"target":"1680x1760","fps":90,"msMedian":11.1,"msP95":11.6,"msWorst":12.1,"calls":12,"tris":17986,"points":2600,"programs":22,"geometries":32,"textures":9,"abilities":0,"instances":0,"particles":0,"foveation":1}
2026-10-01T02:34:20.597Z [live] {"w":10,"cond":"NO_CAST","t":8,"scored":true,"fps":90,"ms":11.1,"js":0.7,"top":"InputSystem:0.3 PanelUISystem:0.1 StageSystem:0.0","worst":11.8,"casting":false,"particles":0,"particleCount":1,"emissionRate":1,"calls":12,"head":[0.35,0.79,-0.59],"yaw":-100,"pitch":-13}
2026-10-01T02:34:22.608Z [live] {"w":10,"cond":"NO_CAST","t":10,"scored":true,"fps":90,"ms":11.1,"js":0.7,"top":"InputSystem:0.3 PanelUISystem:0.1 StageSystem:0.0","worst":11.8,"casting":false,"particles":0,"particleCount":1,"emissionRate":1,"calls":12,"head":[0.35,0.79,-0.59],"yaw":-100,"pitch":-13}
2026-10-01T02:34:24.618Z [live] {"w":10,"cond":"NO_CAST","t":12,"scored":true,"fps":90,"ms":11.1,"js":0.7,"top":"InputSystem:0.3 PanelUISystem:0.1 ScreenSpaceUISystem:0.0","worst":12.5,"casting":false,"particles":0,"particleCount":1,"emissionRate":1,"calls":12,"head":[0.35,0.79,-0.59],"yaw":-100,"pitch":-13}
2026-10-01T02:34:25.319Z [perf] {"mode":"xr","views":2,"target":"1680x1760","fps":90,"msMedian":11.1,"msP95":11.6,"msWorst":12.5,"calls":12,"tris":17986,"points":2600,"programs":22,"geometries":32,"textures":9,"abilities":0,"instances":0,"particles":0,"foveation":1}
2026-10-01T02:34:26.618Z [live] {"w":10,"cond":"NO_CAST","t":14,"scored":true,"fps":90,"ms":11.1,"js":0.6,"top":"InputSystem:0.3 PanelUISystem:0.1 StageSystem:0.0","worst":12,"casting":false,"particles":0,"particleCount":1,"emissionRate":1,"calls":12,"head":[0.35,0.79,-0.59],"yaw":-100,"pitch":-13}
2026-10-01T02:34:28.630Z [live] {"w":10,"cond":"NO_CAST","t":16.1,"scored":true,"fps":90,"ms":11.1,"js":0.7,"top":"InputSystem:0.3 PanelUISystem:0.1 StageSystem:0.0","worst":12.2,"casting":false,"particles":0,"particleCount":1,"emissionRate":1,"calls":12,"head":[0.35,0.79,-0.59],"yaw":-100,"pitch":-13}
2026-10-01T02:34:30.318Z [perf] {"mode":"xr","views":2,"target":"1680x1760","fps":90,"msMedian":11.1,"msP95":11.6,"msWorst":12.2,"calls":12,"tris":17986,"points":2600,"programs":22,"geometries":32,"textures":9,"abilities":0,"instances":0,"particles":0,"foveation":1}
2026-10-01T02:34:30.631Z [live] {"w":10,"cond":"NO_CAST","t":18.1,"scored":true,"fps":90,"ms":11.1,"js":0.7,"top":"InputSystem:0.3 PanelUISystem:0.1 ScreenSpaceUISystem:0.0","worst":12,"casting":false,"particles":0,"particleCount":1,"emissionRate":1,"calls":12,"head":[0.35,0.79,-0.59],"yaw":-100,"pitch":-13}
2026-10-01T02:34:32.638Z [live] {"w":10,"cond":"NO_CAST","t":20.1,"scored":true,"fps":90,"ms":11.1,"js":0.7,"top":"InputSystem:0.3 PanelUISystem:0.1 StageSystem:0.0","worst":11.8,"casting":false,"particles":0,"particleCount":1,"emissionRate":1,"calls":12,"head":[0.35,0.79,-0.59],"yaw":-100,"pitch":-13}
2026-10-01T02:34:34.641Z [live] {"w":10,"cond":"NO_CAST","t":22.1,"scored":true,"fps":90,"ms":11.1,"js":0.7,"top":"InputSystem:0.3 PanelUISystem:0.1 StageSystem:0.0","worst":11.8,"casting":false,"particles":0,"particleCount":1,"emissionRate":1,"calls":12,"head":[0.35,0.79,-0.59],"yaw":-100,"pitch":-13}
2026-10-01T02:34:35.329Z [perf] {"mode":"xr","views":2,"target":"1680x1760","fps":90,"msMedian":11.1,"msP95":11.6,"msWorst":11.8,"calls":12,"tris":17986,"points":2600,"programs":22,"geometries":32,"textures":9,"abilities":0,"instances":0,"particles":0,"foveation":1}
2026-10-01T02:34:36.574Z [live] PARTICLE CHECK {"w":10,"cond":"NO_CAST","valid":true,"particlePeak":0,"checks":11,"particleCount":1,"emissionRate":1}
2026-10-01T02:34:36.575Z [live] WINDOW RESULT {"name":"NO_CAST","age":[0,0,0],"js":[0,0,0],"top":["FrameUniformSystem:0.0 LocomotionSystem:0.0 InputSystem:0.0","FrameUniformSystem:0.0 LocomotionSystem:0.0 InputSystem:0.0","FrameUniformSystem:0.0 LocomotionSystem:0.0 InputSystem:0.0"],"mean":11.11,"p95":11.6,"slowPct":0,"worst":12.5,"castMean":0,"idleMean":11.11}
2026-10-01T02:34:36.575Z [live] ## WINDOW 11/20 NO_CAST
2026-10-01T02:34:38.585Z [live] {"w":11,"cond":"NO_CAST","t":2,"scored":true,"fps":90,"ms":11.1,"js":1.4,"top":"InputSystem:0.7 PanelUISystem:0.2 CrystalBench:0.1","worst":12,"casting":false,"particles":0,"particleCount":1,"emissionRate":1,"calls":12,"head":[0.35,0.79,-0.59],"yaw":-100,"pitch":-13}
2026-10-01T02:34:40.329Z [perf] {"mode":"xr","views":2,"target":"1680x1760","fps":90,"msMedian":11.1,"msP95":11.6,"msWorst":12.5,"calls":12,"tris":17986,"points":2600,"programs":22,"geometries":32,"textures":9,"abilities":0,"instances":0,"particles":0,"foveation":1}
2026-10-01T02:34:40.585Z [live] {"w":11,"cond":"NO_CAST","t":4,"scored":true,"fps":90,"ms":11.1,"js":0.7,"top":"InputSystem:0.3 PanelUISystem:0.1 CrystalBench:0.0","worst":12.5,"casting":false,"particles":0,"particleCount":1,"emissionRate":1,"calls":12,"head":[0.35,0.79,-0.59],"yaw":-100,"pitch":-13}
2026-10-01T02:34:42.596Z [live] {"w":11,"cond":"NO_CAST","t":6,"scored":true,"fps":90,"ms":11.1,"js":0.7,"top":"InputSystem:0.3 PanelUISystem:0.1 CrystalBench:0.0","worst":11.7,"casting":false,"particles":0,"particleCount":1,"emissionRate":1,"calls":12,"head":[0.35,0.79,-0.59],"yaw":-100,"pitch":-13}
2026-10-01T02:34:44.595Z [live] {"w":11,"cond":"NO_CAST","t":8,"scored":true,"fps":89.5,"ms":11.2,"js":0.7,"top":"InputSystem:0.3 PanelUISystem:0.1 CrystalBench:0.0","worst":22.1,"casting":false,"particles":0,"particleCount":1,"emissionRate":1,"calls":12,"head":[0.35,0.79,-0.59],"yaw":-100,"pitch":-13}
2026-10-01T02:34:45.329Z [perf] {"mode":"xr","views":2,"target":"1680x1760","fps":89.8,"msMedian":11.1,"msP95":11.6,"msWorst":22.1,"calls":12,"tris":17986,"points":2600,"programs":22,"geometries":32,"textures":9,"abilities":0,"instances":0,"particles":0,"foveation":1}
2026-10-01T02:34:46.595Z [live] {"w":11,"cond":"NO_CAST","t":10,"scored":true,"fps":90,"ms":11.1,"js":0.7,"top":"InputSystem:0.3 PanelUISystem:0.1 StageSystem:0.0","worst":11.9,"casting":false,"particles":0,"particleCount":1,"emissionRate":1,"calls":12,"head":[0.35,0.79,-0.59],"yaw":-100,"pitch":-13}
2026-10-01T02:34:48.607Z [live] {"w":11,"cond":"NO_CAST","t":12,"scored":true,"fps":90,"ms":11.1,"js":0.7,"top":"InputSystem:0.3 PanelUISystem:0.1 ScreenSpaceUISystem:0.0","worst":13.2,"casting":false,"particles":0,"particleCount":1,"emissionRate":1,"calls":12,"head":[0.35,0.79,-0.59],"yaw":-100,"pitch":-13}
2026-10-01T02:34:50.329Z [perf] {"mode":"xr","views":2,"target":"1680x1760","fps":90,"msMedian":11.1,"msP95":11.6,"msWorst":13.2,"calls":12,"tris":17986,"points":2600,"programs":22,"geometries":32,"textures":9,"abilities":0,"instances":0,"particles":0,"foveation":1}
2026-10-01T02:34:50.617Z [live] {"w":11,"cond":"NO_CAST","t":14,"scored":true,"fps":90,"ms":11.1,"js":0.7,"top":"InputSystem:0.3 PanelUISystem:0.1 StageSystem:0.0","worst":12,"casting":false,"particles":0,"particleCount":1,"emissionRate":1,"calls":12,"head":[0.35,0.79,-0.59],"yaw":-100,"pitch":-13}
2026-10-01T02:34:52.617Z [live] {"w":11,"cond":"NO_CAST","t":16,"scored":true,"fps":90,"ms":11.1,"js":0.6,"top":"InputSystem:0.3 PanelUISystem:0.1 ScreenSpaceUISystem:0.0","worst":12,"casting":false,"particles":0,"particleCount":1,"emissionRate":1,"calls":12,"head":[0.35,0.79,-0.59],"yaw":-100,"pitch":-13}
2026-10-01T02:34:54.629Z [live] {"w":11,"cond":"NO_CAST","t":18.1,"scored":true,"fps":90,"ms":11.1,"js":0.7,"top":"InputSystem:0.3 PanelUISystem:0.1 ScreenSpaceUISystem:0.0","worst":12.1,"casting":false,"particles":0,"particleCount":1,"emissionRate":1,"calls":12,"head":[0.35,0.79,-0.59],"yaw":-100,"pitch":-13}
2026-10-01T02:34:55.340Z [perf] {"mode":"xr","views":2,"target":"1680x1760","fps":90,"msMedian":11.1,"msP95":11.6,"msWorst":12.1,"calls":12,"tris":17986,"points":2600,"programs":22,"geometries":32,"textures":9,"abilities":0,"instances":0,"particles":0,"foveation":1}
2026-10-01T02:34:56.640Z [live] {"w":11,"cond":"NO_CAST","t":20.1,"scored":true,"fps":90,"ms":11.1,"js":0.6,"top":"InputSystem:0.3 PanelUISystem:0.1 StageSystem:0.0","worst":12,"casting":false,"particles":0,"particleCount":1,"emissionRate":1,"calls":12,"head":[0.35,0.79,-0.59],"yaw":-100,"pitch":-13}
2026-10-01T02:34:58.650Z [live] {"w":11,"cond":"NO_CAST","t":22.1,"scored":true,"fps":89.5,"ms":11.2,"js":0.7,"top":"InputSystem:0.3 PanelUISystem:0.1 ScreenSpaceUISystem:0.0","worst":18.2,"casting":false,"particles":0,"particleCount":1,"emissionRate":1,"calls":12,"head":[0.35,0.79,-0.59],"yaw":-100,"pitch":-13}
2026-10-01T02:35:00.353Z [perf] {"mode":"xr","views":2,"target":"1680x1760","fps":89.8,"msMedian":11.1,"msP95":11.7,"msWorst":18.2,"calls":12,"tris":17986,"points":2600,"programs":22,"geometries":32,"textures":9,"abilities":0,"instances":0,"particles":0,"foveation":1}
2026-10-01T02:35:00.573Z [live] PARTICLE CHECK {"w":11,"cond":"NO_CAST","valid":true,"particlePeak":0,"checks":11,"particleCount":1,"emissionRate":1}
2026-10-01T02:35:00.574Z [live] WINDOW RESULT {"name":"NO_CAST","age":[0,0,0],"js":[0,0,0],"top":["FrameUniformSystem:0.0 LocomotionSystem:0.0 InputSystem:0.0","FrameUniformSystem:0.0 LocomotionSystem:0.0 InputSystem:0.0","FrameUniformSystem:0.0 LocomotionSystem:0.0 InputSystem:0.0"],"mean":11.12,"p95":11.6,"slowPct":0.1,"worst":22.1,"castMean":0,"idleMean":11.12}
2026-10-01T02:35:00.574Z [live] ## WINDOW 12/20 NO_ANYTHING
2026-10-01T02:35:02.574Z [live] {"w":12,"cond":"NO_ANYTHING","t":2,"scored":true,"fps":90,"ms":11.1,"js":1.9,"top":"InputSystem:0.7 CastSystem:0.6 PanelUISystem:0.2","worst":12.2,"casting":true,"particles":0,"particleCount":0,"emissionRate":0,"calls":12,"head":[0.35,0.79,-0.59],"yaw":-100,"pitch":-13}
2026-10-01T02:35:04.585Z [live] {"w":12,"cond":"NO_ANYTHING","t":4,"scored":true,"fps":90,"ms":11.1,"js":1.3,"top":"CastSystem:0.7 InputSystem:0.3 PanelUISystem:0.1","worst":12.2,"casting":true,"particles":0,"particleCount":0,"emissionRate":0,"calls":12,"head":[0.35,0.79,-0.59],"yaw":-100,"pitch":-13}
2026-10-01T02:35:05.362Z [perf] {"mode":"xr","views":2,"target":"1680x1760","fps":90,"msMedian":11.1,"msP95":11.7,"msWorst":12.2,"calls":12,"tris":17986,"points":2600,"programs":22,"geometries":32,"textures":9,"abilities":1,"instances":190,"particles":0,"foveation":1}
2026-10-01T02:35:06.584Z [live] {"w":12,"cond":"NO_ANYTHING","t":6,"scored":true,"fps":90,"ms":11.1,"js":1.1,"top":"CastSystem:0.5 InputSystem:0.3 PanelUISystem:0.1","worst":12.1,"casting":false,"particles":0,"particleCount":0,"emissionRate":0,"calls":12,"head":[0.35,0.79,-0.59],"yaw":-100,"pitch":-13}
2026-10-01T02:35:08.595Z [live] {"w":12,"cond":"NO_ANYTHING","t":8,"scored":true,"fps":90,"ms":11.1,"js":1.3,"top":"CastSystem:0.6 InputSystem:0.3 PanelUISystem:0.1","worst":12.4,"casting":true,"particles":0,"particleCount":0,"emissionRate":0,"calls":12,"head":[0.35,0.79,-0.59],"yaw":-100,"pitch":-13}
2026-10-01T02:35:10.372Z [perf] {"mode":"xr","views":2,"target":"1680x1760","fps":90,"msMedian":11.1,"msP95":11.8,"msWorst":12.4,"calls":12,"tris":17986,"points":2600,"programs":22,"geometries":32,"textures":9,"abilities":1,"instances":190,"particles":0,"foveation":1}
2026-10-01T02:35:10.594Z [live] {"w":12,"cond":"NO_ANYTHING","t":10,"scored":true,"fps":90,"ms":11.1,"js":1.3,"top":"CastSystem:0.7 InputSystem:0.3 PanelUISystem:0.1","worst":12,"casting":true,"particles":0,"particleCount":0,"emissionRate":0,"calls":12,"head":[0.35,0.79,-0.59],"yaw":-100,"pitch":-13}
2026-10-01T02:35:12.595Z [live] {"w":12,"cond":"NO_ANYTHING","t":12,"scored":true,"fps":90,"ms":11.1,"js":1.1,"top":"CastSystem:0.5 InputSystem:0.3 PanelUISystem:0.1","worst":12.1,"casting":true,"particles":0,"particleCount":0,"emissionRate":0,"calls":12,"head":[0.35,0.79,-0.59],"yaw":-100,"pitch":-13}
2026-10-01T02:35:14.606Z [live] {"w":12,"cond":"NO_ANYTHING","t":14,"scored":true,"fps":90,"ms":11.1,"js":1.2,"top":"CastSystem:0.6 InputSystem:0.3 PanelUISystem:0.1","worst":12.1,"casting":true,"particles":0,"particleCount":0,"emissionRate":0,"calls":12,"head":[0.35,0.79,-0.59],"yaw":-100,"pitch":-13}
2026-10-01T02:35:15.382Z [perf] {"mode":"xr","views":2,"target":"1680x1760","fps":90,"msMedian":11.1,"msP95":11.7,"msWorst":12.2,"calls":12,"tris":17986,"points":2600,"programs":22,"geometries":32,"textures":9,"abilities":1,"instances":190,"particles":0,"foveation":1}
2026-10-01T02:35:16.617Z [live] {"w":12,"cond":"NO_ANYTHING","t":16,"scored":true,"fps":90,"ms":11.1,"js":1.3,"top":"CastSystem:0.7 InputSystem:0.3 PanelUISystem:0.1","worst":12.2,"casting":true,"particles":0,"particleCount":0,"emissionRate":0,"calls":12,"head":[0.35,0.79,-0.59],"yaw":-100,"pitch":-13}
2026-10-01T02:35:18.616Z [live] {"w":12,"cond":"NO_ANYTHING","t":18,"scored":true,"fps":90,"ms":11.1,"js":1.1,"top":"CastSystem:0.5 InputSystem:0.3 PanelUISystem:0.1","worst":12,"casting":true,"particles":0,"particleCount":0,"emissionRate":0,"calls":12,"head":[0.35,0.79,-0.59],"yaw":-100,"pitch":-13}
2026-10-01T02:35:20.384Z [perf] {"mode":"xr","views":2,"target":"1680x1760","fps":90,"msMedian":11.1,"msP95":11.7,"msWorst":12.2,"calls":12,"tris":17986,"points":2600,"programs":22,"geometries":32,"textures":9,"abilities":1,"instances":190,"particles":0,"foveation":1}
2026-10-01T02:35:20.616Z [live] {"w":12,"cond":"NO_ANYTHING","t":20,"scored":true,"fps":90,"ms":11.1,"js":1.2,"top":"CastSystem:0.6 InputSystem:0.3 PanelUISystem:0.1","worst":12.1,"casting":true,"particles":0,"particleCount":0,"emissionRate":0,"calls":12,"head":[0.35,0.79,-0.59],"yaw":-100,"pitch":-13}
2026-10-01T02:35:22.627Z [live] {"w":12,"cond":"NO_ANYTHING","t":22.1,"scored":true,"fps":90.1,"ms":11.1,"js":1.3,"top":"CastSystem:0.7 InputSystem:0.3 PanelUISystem:0.1","worst":12.5,"casting":true,"particles":0,"particleCount":0,"emissionRate":0,"calls":12,"head":[0.35,0.79,-0.59],"yaw":-100,"pitch":-13}
2026-10-01T02:35:24.584Z [live] PARTICLE CHECK {"w":12,"cond":"NO_ANYTHING","valid":true,"particlePeak":0,"checks":11,"particleCount":0,"emissionRate":0}
2026-10-01T02:35:24.584Z [live] WINDOW RESULT {"name":"NO_ANYTHING","age":[11.1,11.1,11.1],"js":[1.2,1.3,1.1],"top":["CastSystem:0.6 InputSystem:0.3 PanelUISystem:0.1","CastSystem:0.7 InputSystem:0.3 PanelUISystem:0.1","CastSystem:0.5 InputSystem:0.3 PanelUISystem:0.1"],"mean":11.11,"p95":11.7,"slowPct":0,"worst":12.5,"castMean":11.11,"idleMean":11.12}
2026-10-01T02:35:24.584Z [live] ## WINDOW 13/20 NO_CRYSTALS
2026-10-01T02:35:25.414Z [perf] {"mode":"xr","views":2,"target":"1680x1760","fps":80.1,"msMedian":11.1,"msP95":12,"msWorst":100.2,"calls":39,"tris":18538,"points":2600,"programs":22,"geometries":32,"textures":9,"abilities":1,"instances":190,"particles":1203,"foveation":1}
2026-10-01T02:35:26.615Z [live] {"w":13,"cond":"NO_CRYSTALS","t":2,"scored":true,"fps":18.2,"ms":54.9,"js":6.6,"top":"CastSystem:3.0 InputSystem:1.8 PanelUISystem:0.4","worst":100.4,"casting":true,"particles":913,"particleCount":1,"emissionRate":1,"calls":37,"head":[0.35,0.79,-0.59],"yaw":-100,"pitch":-13}
2026-10-01T02:35:28.619Z [live] {"w":13,"cond":"NO_CRYSTALS","t":4,"scored":true,"fps":10,"ms":100.2,"js":1,"top":"CastSystem:0.5 InputSystem:0.2 PanelUISystem:0.1","worst":100.5,"casting":true,"particles":384,"particleCount":1,"emissionRate":1,"calls":37,"head":[0.35,0.79,-0.59],"yaw":-100,"pitch":-13}
2026-10-01T02:35:30.422Z [perf] {"mode":"xr","views":2,"target":"1680x1760","fps":10,"msMedian":100.2,"msP95":100.5,"msWorst":100.5,"calls":37,"tris":18036,"points":2600,"programs":22,"geometries":32,"textures":9,"abilities":0,"instances":0,"particles":197,"foveation":1}
2026-10-01T02:35:30.623Z [live] {"w":13,"cond":"NO_CRYSTALS","t":6,"scored":true,"fps":10,"ms":100.2,"js":0.9,"top":"CastSystem:0.4 InputSystem:0.2 PanelUISystem:0.1","worst":100.5,"casting":false,"particles":174,"particleCount":1,"emissionRate":1,"calls":37,"head":[0.35,0.79,-0.59],"yaw":-100,"pitch":-13}
2026-10-01T02:35:32.629Z [live] {"w":13,"cond":"NO_CRYSTALS","t":8,"scored":true,"fps":10,"ms":100.2,"js":1.1,"top":"CastSystem:0.5 InputSystem:0.3 PanelUISystem:0.1","worst":100.5,"casting":true,"particles":1018,"particleCount":1,"emissionRate":1,"calls":42,"head":[0.35,0.79,-0.59],"yaw":-100,"pitch":-13}
2026-10-01T02:35:34.632Z [live] {"w":13,"cond":"NO_CRYSTALS","t":10,"scored":true,"fps":10,"ms":100.2,"js":1.1,"top":"CastSystem:0.6 InputSystem:0.2 PanelUISystem:0.1","worst":100.6,"casting":true,"particles":398,"particleCount":1,"emissionRate":1,"calls":41,"head":[0.35,0.79,-0.59],"yaw":-100,"pitch":-13}
2026-10-01T02:35:35.433Z [perf] {"mode":"xr","views":2,"target":"1680x1760","fps":10,"msMedian":100.2,"msP95":100.5,"msWorst":100.6,"calls":41,"tris":18044,"points":2600,"programs":22,"geometries":32,"textures":9,"abilities":1,"instances":190,"particles":330,"foveation":1}
2026-10-01T02:35:36.635Z [live] {"w":13,"cond":"NO_CRYSTALS","t":12.1,"scored":true,"fps":10,"ms":100.2,"js":1,"top":"CastSystem:0.4 InputSystem:0.3 PanelUISystem:0.1","worst":100.5,"casting":false,"particles":207,"particleCount":1,"emissionRate":1,"calls":41,"head":[0.35,0.79,-0.59],"yaw":-100,"pitch":-13}
2026-10-01T02:35:38.640Z [live] {"w":13,"cond":"NO_CRYSTALS","t":14.1,"scored":true,"fps":10,"ms":100.2,"js":1.1,"top":"CastSystem:0.6 InputSystem:0.2 PanelUISystem:0.1","worst":100.4,"casting":true,"particles":1033,"particleCount":1,"emissionRate":1,"calls":42,"head":[0.35,0.79,-0.59],"yaw":-100,"pitch":-13}
2026-10-01T02:35:40.445Z [perf] {"mode":"xr","views":2,"target":"1680x1760","fps":10,"msMedian":100.2,"msP95":100.4,"msWorst":100.5,"calls":41,"tris":18044,"points":2600,"programs":22,"geometries":32,"textures":9,"abilities":1,"instances":190,"particles":439,"foveation":1}
2026-10-01T02:35:41.770Z [live] {"w":13,"cond":"NO_CRYSTALS","t":17.2,"scored":true,"fps":6.1,"ms":164.7,"js":1.2,"top":"CastSystem:0.6 InputSystem:0.3 PanelUISystem:0.1","worst":1325.8,"casting":true,"particles":256,"particleCount":1,"emissionRate":1,"calls":41,"head":[0.35,0.79,-0.59],"yaw":-100,"pitch":-13}
2026-10-01T02:35:44.751Z [live] {"w":13,"cond":"NO_CRYSTALS","t":20.2,"scored":true,"fps":6.7,"ms":149,"js":1.8,"top":"CastSystem:1.1 InputSystem:0.3 CrystalBench:0.2","worst":1076.9,"casting":true,"particles":991,"particleCount":1,"emissionRate":1,"calls":72,"head":[0.35,0.79,-0.59],"yaw":-100,"pitch":-13}
2026-10-01T02:35:45.451Z [perf] {"mode":"xr","views":2,"target":"1680x1760","fps":5.6,"msMedian":100.2,"msP95":1076.9,"msWorst":1325.8,"calls":42,"tris":18046,"points":2600,"programs":22,"geometries":32,"textures":9,"abilities":1,"instances":190,"particles":656,"foveation":1}
2026-10-01T02:35:48.093Z [live] {"w":13,"cond":"NO_CRYSTALS","t":23.5,"scored":true,"fps":6,"ms":167.2,"js":1.2,"top":"CastSystem:0.6 InputSystem:0.3 PanelUISystem:0.1","worst":1439.6,"casting":true,"particles":289,"particleCount":1,"emissionRate":1,"calls":41,"head":[0.35,0.79,-0.59],"yaw":-100,"pitch":-13}
2026-10-01T02:35:48.594Z [live] PARTICLE CHECK {"w":13,"cond":"NO_CRYSTALS","valid":true,"particlePeak":1033,"checks":10,"particleCount":1,"emissionRate":1}
2026-10-01T02:35:48.595Z [live] WINDOW RESULT {"name":"NO_CRYSTALS","age":[80.3,112.6,144.4],"js":[1.3,1.1,1.1],"top":["CastSystem:0.7 InputSystem:0.3 CrystalBench:0.1","CastSystem:0.6 InputSystem:0.3 PanelUISystem:0.1","CastSystem:0.5 InputSystem:0.3 PanelUISystem:0.1"],"mean":108.65,"p95":100.5,"slowPct":95,"worst":1439.6,"castMean":109.09,"idleMean":100.18}
2026-10-01T02:35:48.595Z [live] ## WINDOW 14/20 NO_DECALS
2026-10-01T02:35:51.376Z [live] {"w":14,"cond":"NO_DECALS","t":2.8,"scored":true,"fps":4.3,"ms":231.8,"js":1.9,"top":"CastSystem:0.9 InputSystem:0.4 CrystalBench:0.2","worst":1679,"casting":true,"particles":627,"particleCount":1,"emissionRate":1,"calls":19,"head":[0.35,0.79,-0.59],"yaw":-100,"pitch":-13}
2026-10-01T02:35:51.376Z [perf] {"mode":"xr","views":2,"target":"1680x1760","fps":5.1,"msMedian":100.2,"msP95":1439.6,"msWorst":1679,"calls":19,"tris":45086,"points":2600,"programs":22,"geometries":35,"textures":9,"abilities":1,"instances":190,"particles":627,"foveation":1}
2026-10-01T02:35:54.459Z [live] {"w":14,"cond":"NO_DECALS","t":5.9,"scored":true,"fps":6.5,"ms":154.2,"js":1.3,"top":"CastSystem:0.7 InputSystem:0.3 CrystalBench:0.1","worst":1179.7,"casting":false,"particles":225,"particleCount":1,"emissionRate":1,"calls":18,"head":[0.35,0.79,-0.59],"yaw":-100,"pitch":-13}
2026-10-01T02:35:57.912Z [live] {"w":14,"cond":"NO_DECALS","t":9.3,"scored":true,"fps":5.8,"ms":172.6,"js":1.2,"top":"CastSystem:0.6 InputSystem:0.3 PanelUISystem:0.1","worst":1548.4,"casting":true,"particles":515,"particleCount":1,"emissionRate":1,"calls":18,"head":[0.35,0.79,-0.59],"yaw":-100,"pitch":-13}
2026-10-01T02:35:57.913Z [perf] {"mode":"xr","views":2,"target":"1680x1760","fps":6.1,"msMedian":100.2,"msP95":1179.7,"msWorst":1548.4,"calls":18,"tris":44586,"points":2600,"programs":22,"geometries":35,"textures":9,"abilities":1,"instances":190,"particles":515,"foveation":1}
2026-10-01T02:35:59.957Z [live] {"w":14,"cond":"NO_DECALS","t":11.4,"scored":true,"fps":9.3,"ms":107.7,"js":1.2,"top":"CastSystem:0.7 InputSystem:0.3 PanelUISystem:0.1","worst":243.1,"casting":true,"particles":292,"particleCount":1,"emissionRate":1,"calls":18,"head":[0.35,0.79,-0.59],"yaw":-100,"pitch":-13}
2026-10-01T02:36:01.962Z [live] {"w":14,"cond":"NO_DECALS","t":13.4,"scored":true,"fps":10,"ms":100.2,"js":1.1,"top":"CastSystem:0.5 InputSystem:0.3 PanelUISystem:0.1","worst":100.5,"casting":true,"particles":1308,"particleCount":1,"emissionRate":1,"calls":19,"head":[0.35,0.79,-0.59],"yaw":-100,"pitch":-13}
2026-10-01T02:36:02.964Z [perf] {"mode":"xr","views":2,"target":"1680x1760","fps":9.7,"msMedian":100.2,"msP95":100.5,"msWorst":243.1,"calls":18,"tris":44586,"points":2600,"programs":22,"geometries":35,"textures":9,"abilities":1,"instances":190,"particles":858,"foveation":1}
2026-10-01T02:36:04.021Z [live] {"w":14,"cond":"NO_DECALS","t":15.4,"scored":true,"fps":10.7,"ms":93.7,"js":1.1,"top":"CastSystem:0.6 InputSystem:0.2 PanelUISystem:0.1","worst":100.6,"casting":true,"particles":514,"particleCount":1,"emissionRate":1,"calls":18,"head":[0.35,0.79,-0.59],"yaw":-100,"pitch":-13}
2026-10-01T02:36:06.053Z [live] {"w":14,"cond":"NO_DECALS","t":17.5,"scored":true,"fps":16.7,"ms":59.7,"js":1.1,"top":"CastSystem:0.6 InputSystem:0.2 PanelUISystem:0.1","worst":79.6,"casting":true,"particles":260,"particleCount":1,"emissionRate":1,"calls":18,"head":[0.35,0.79,-0.59],"yaw":-100,"pitch":-13}
2026-10-01T02:36:07.996Z [perf] {"mode":"xr","views":2,"target":"1680x1760","fps":19.1,"msMedian":52.2,"msP95":96.4,"msWorst":100.6,"calls":18,"tris":44586,"points":2600,"programs":22,"geometries":35,"textures":9,"abilities":1,"instances":190,"particles":1210,"foveation":1}
2026-10-01T02:36:08.087Z [live] {"w":14,"cond":"NO_DECALS","t":19.5,"scored":true,"fps":25.1,"ms":39.9,"js":1,"top":"CastSystem:0.4 InputSystem:0.3 PanelUISystem:0.1","worst":96.4,"casting":true,"particles":1173,"particleCount":1,"emissionRate":1,"calls":18,"head":[0.35,0.79,-0.59],"yaw":-100,"pitch":-13}
2026-10-01T02:36:10.184Z [live] {"w":14,"cond":"NO_DECALS","t":21.6,"scored":true,"fps":10,"ms":99.9,"js":1.1,"top":"CastSystem:0.6 InputSystem:0.3 PanelUISystem:0.0","worst":100.7,"casting":true,"particles":450,"particleCount":1,"emissionRate":1,"calls":18,"head":[0.35,0.79,-0.59],"yaw":-100,"pitch":-13}
2026-10-01T02:36:12.209Z [live] {"w":14,"cond":"NO_DECALS","t":23.6,"scored":true,"fps":11.9,"ms":84.3,"js":1.1,"top":"CastSystem:0.6 InputSystem:0.3 PanelUISystem:0.1","worst":100.4,"casting":false,"particles":220,"particleCount":1,"emissionRate":1,"calls":18,"head":[0.35,0.79,-0.59],"yaw":-100,"pitch":-13}
2026-10-01T02:36:12.593Z [live] PARTICLE CHECK {"w":14,"cond":"NO_DECALS","valid":true,"particlePeak":1308,"checks":10,"particleCount":1,"emissionRate":1}
2026-10-01T02:36:12.594Z [live] WINDOW RESULT {"name":"NO_DECALS","age":[81.5,144.1,73.6],"js":[1.2,1.2,1],"top":["CastSystem:0.6 InputSystem:0.3 PanelUISystem:0.1","CastSystem:0.6 InputSystem:0.3 PanelUISystem:0.1","CastSystem:0.4 InputSystem:0.3 PanelUISystem:0.1"],"mean":93.75,"p95":100.5,"slowPct":100,"worst":1679,"castMean":97.51,"idleMean":70.76}
2026-10-01T02:36:12.594Z [live] ## WINDOW 15/20 NO_BURSTS
2026-10-01T02:36:13.006Z [perf] {"mode":"xr","views":2,"target":"1680x1760","fps":15.8,"msMedian":60.9,"msP95":100.3,"msWorst":100.7,"calls":41,"tris":44632,"points":2600,"programs":22,"geometries":35,"textures":9,"abilities":1,"instances":190,"particles":1176,"foveation":1}
2026-10-01T02:36:14.686Z [live] {"w":15,"cond":"NO_BURSTS","t":2.1,"scored":true,"fps":18.6,"ms":53.7,"js":1.4,"top":"CastSystem:0.6 InputSystem:0.4 CrystalBench:0.1","worst":100.1,"casting":true,"particles":876,"particleCount":1,"emissionRate":1,"calls":40,"head":[0.35,0.79,-0.59],"yaw":-100,"pitch":-13}
2026-10-01T02:36:16.787Z [live] {"w":15,"cond":"NO_BURSTS","t":4.2,"scored":true,"fps":10,"ms":100,"js":1.2,"top":"CastSystem:0.6 InputSystem:0.3 PanelUISystem:0.1","worst":100.2,"casting":true,"particles":350,"particleCount":1,"emissionRate":1,"calls":40,"head":[0.35,0.79,-0.59],"yaw":-100,"pitch":-13}
2026-10-01T02:36:18.086Z [perf] {"mode":"xr","views":2,"target":"1680x1760","fps":10.4,"msMedian":100,"msP95":100.3,"msWorst":100.6,"calls":40,"tris":44630,"points":2600,"programs":22,"geometries":35,"textures":9,"abilities":0,"instances":0,"particles":247,"foveation":1}
2026-10-01T02:36:18.786Z [live] {"w":15,"cond":"NO_BURSTS","t":6.2,"scored":true,"fps":10,"ms":100,"js":1.1,"top":"CastSystem:0.5 InputSystem:0.3 PanelUISystem:0.1","worst":100.6,"casting":true,"particles":163,"particleCount":1,"emissionRate":1,"calls":34,"head":[0.35,0.79,-0.59],"yaw":-100,"pitch":-13}
2026-10-01T02:36:20.819Z [live] {"w":15,"cond":"NO_BURSTS","t":8.2,"scored":true,"fps":12.3,"ms":81.3,"js":1.3,"top":"CastSystem:0.7 InputSystem:0.3 PanelUISystem:0.1","worst":100.4,"casting":true,"particles":948,"particleCount":1,"emissionRate":1,"calls":48,"head":[0.35,0.79,-0.59],"yaw":-100,"pitch":-13}
2026-10-01T02:36:22.840Z [live] {"w":15,"cond":"NO_BURSTS","t":10.2,"scored":true,"fps":14.3,"ms":69.7,"js":1.2,"top":"CastSystem:0.7 InputSystem:0.3 PanelUISystem:0.1","worst":81.3,"casting":true,"particles":378,"particleCount":1,"emissionRate":1,"calls":47,"head":[0.35,0.79,-0.59],"yaw":-100,"pitch":-13}
2026-10-01T02:36:23.112Z [perf] {"mode":"xr","views":2,"target":"1680x1760","fps":12.9,"msMedian":72.3,"msP95":100.1,"msWorst":100.4,"calls":47,"tris":44644,"points":2600,"programs":22,"geometries":35,"textures":9,"abilities":1,"instances":190,"particles":349,"foveation":1}
2026-10-01T02:36:24.912Z [live] {"w":15,"cond":"NO_BURSTS","t":12.3,"scored":true,"fps":13.5,"ms":74,"js":1.1,"top":"CastSystem:0.6 InputSystem:0.2 PanelUISystem:0.1","worst":100.3,"casting":true,"particles":479,"particleCount":1,"emissionRate":1,"calls":56,"head":[0.35,0.79,-0.59],"yaw":-100,"pitch":-13}
2026-10-01T02:36:27.011Z [live] {"w":15,"cond":"NO_BURSTS","t":14.4,"scored":true,"fps":10,"ms":100,"js":1.1,"top":"CastSystem:0.6 InputSystem:0.2 PanelUISystem:0.1","worst":100.2,"casting":true,"particles":857,"particleCount":1,"emissionRate":1,"calls":48,"head":[0.35,0.79,-0.59],"yaw":-100,"pitch":-13}
2026-10-01T02:36:28.211Z [perf] {"mode":"xr","views":2,"target":"1680x1760","fps":11.2,"msMedian":99.9,"msP95":100.2,"msWorst":100.3,"calls":47,"tris":44644,"points":2600,"programs":22,"geometries":35,"textures":9,"abilities":1,"instances":190,"particles":461,"foveation":1}
2026-10-01T02:36:29.011Z [live] {"w":15,"cond":"NO_BURSTS","t":16.4,"scored":true,"fps":10,"ms":100,"js":1.1,"top":"CastSystem:0.5 InputSystem:0.2 PanelUISystem:0.1","worst":100.3,"casting":true,"particles":353,"particleCount":1,"emissionRate":1,"calls":47,"head":[0.35,0.79,-0.59],"yaw":-100,"pitch":-13}
2026-10-01T02:36:31.126Z [live] {"w":15,"cond":"NO_BURSTS","t":18.5,"scored":true,"fps":10,"ms":100,"js":1,"top":"CastSystem:0.5 InputSystem:0.2 CrystalBench:0.1","worst":100.4,"casting":true,"particles":1072,"particleCount":1,"emissionRate":1,"calls":77,"head":[0.35,0.79,-0.59],"yaw":-100,"pitch":-13}
2026-10-01T02:36:33.165Z [live] {"w":15,"cond":"NO_BURSTS","t":20.6,"scored":true,"fps":12.2,"ms":82.1,"js":1.2,"top":"CastSystem:0.6 InputSystem:0.3 PanelUISystem:0.1","worst":100.3,"casting":true,"particles":776,"particleCount":1,"emissionRate":1,"calls":48,"head":[0.35,0.79,-0.59],"yaw":-100,"pitch":-13}
2026-10-01T02:36:33.241Z [perf] {"mode":"xr","views":2,"target":"1680x1760","fps":10.9,"msMedian":99.9,"msP95":100.3,"msWorst":100.4,"calls":48,"tris":44646,"points":2600,"programs":22,"geometries":35,"textures":9,"abilities":1,"instances":190,"particles":741,"foveation":1}
2026-10-01T02:36:35.191Z [live] {"w":15,"cond":"NO_BURSTS","t":22.6,"scored":true,"fps":12.3,"ms":81.1,"js":1.2,"top":"CastSystem:0.6 InputSystem:0.3 PanelUISystem:0.1","worst":90.6,"casting":true,"particles":342,"particleCount":1,"emissionRate":1,"calls":47,"head":[0.35,0.79,-0.59],"yaw":-100,"pitch":-13}
2026-10-01T02:36:36.637Z [live] PARTICLE CHECK {"w":15,"cond":"NO_BURSTS","valid":true,"particlePeak":1072,"checks":11,"particleCount":1,"emissionRate":1}
2026-10-01T02:36:36.637Z [live] WINDOW RESULT {"name":"NO_BURSTS","age":[76.8,84.9,85.7],"js":[1.2,1.2,1.1],"top":["CastSystem:0.6 InputSystem:0.3 PanelUISystem:0.1","CastSystem:0.6 InputSystem:0.3 PanelUISystem:0.1","CastSystem:0.6 InputSystem:0.3 PanelUISystem:0.1"],"mean":82.34,"p95":100.2,"slowPct":97.6,"worst":100.6,"castMean":81.19,"idleMean":98.87}
2026-10-01T02:36:36.637Z [live] ## WINDOW 16/20 NO_GLITTER
2026-10-01T02:36:38.325Z [perf] {"mode":"xr","views":2,"target":"1680x1760","fps":12.6,"msMedian":81.9,"msP95":99.8,"msWorst":100.1,"calls":45,"tris":44640,"points":2600,"programs":22,"geometries":35,"textures":9,"abilities":1,"instances":190,"particles":822,"foveation":1}
2026-10-01T02:36:38.726Z [live] {"w":16,"cond":"NO_GLITTER","t":2.1,"scored":true,"fps":12.5,"ms":80.3,"js":2,"top":"CastSystem:1.0 InputSystem:0.5 PanelUISystem:0.1","worst":100.2,"casting":true,"particles":628,"particleCount":1,"emissionRate":1,"calls":45,"head":[0.35,0.79,-0.59],"yaw":-100,"pitch":-13}
2026-10-01T02:36:40.724Z [live] {"w":16,"cond":"NO_GLITTER","t":4.1,"scored":true,"fps":10,"ms":100,"js":1.2,"top":"CastSystem:0.6 InputSystem:0.3 PanelUISystem:0.1","worst":100.2,"casting":true,"particles":134,"particleCount":1,"emissionRate":1,"calls":45,"head":[0.35,0.79,-0.59],"yaw":-100,"pitch":-13}
2026-10-01T02:36:42.728Z [live] {"w":16,"cond":"NO_GLITTER","t":6.1,"scored":true,"fps":10,"ms":100,"js":1,"top":"CastSystem:0.5 InputSystem:0.3 PanelUISystem:0.1","worst":100.5,"casting":false,"particles":41,"particleCount":1,"emissionRate":1,"calls":39,"head":[0.35,0.79,-0.59],"yaw":-100,"pitch":-13}
2026-10-01T02:36:43.325Z [perf] {"mode":"xr","views":2,"target":"1680x1760","fps":10,"msMedian":100,"msP95":100.4,"msWorst":100.5,"calls":76,"tris":45200,"points":2600,"programs":22,"geometries":35,"textures":9,"abilities":1,"instances":190,"particles":998,"foveation":1}
2026-10-01T02:36:44.791Z [live] {"w":16,"cond":"NO_GLITTER","t":8.2,"scored":true,"fps":10.2,"ms":98.4,"js":1.2,"top":"CastSystem:0.6 InputSystem:0.3 PanelUISystem:0.1","worst":100.4,"casting":true,"particles":682,"particleCount":1,"emissionRate":1,"calls":48,"head":[0.35,0.79,-0.59],"yaw":-100,"pitch":-13}
2026-10-01T02:36:46.841Z [live] {"w":16,"cond":"NO_GLITTER","t":10.2,"scored":true,"fps":14.6,"ms":68.4,"js":1.2,"top":"CastSystem:0.6 InputSystem:0.3 CrystalBench:0.1","worst":72.8,"casting":true,"particles":141,"particleCount":1,"emissionRate":1,"calls":47,"head":[0.35,0.79,-0.59],"yaw":-100,"pitch":-13}
2026-10-01T02:36:48.373Z [perf] {"mode":"xr","views":2,"target":"1680x1760","fps":13.1,"msMedian":69.7,"msP95":100,"msWorst":100.1,"calls":47,"tris":44644,"points":2600,"programs":22,"geometries":35,"textures":9,"abilities":0,"instances":0,"particles":61,"foveation":1}
2026-10-01T02:36:48.872Z [live] {"w":16,"cond":"NO_GLITTER","t":12.2,"scored":true,"fps":12.8,"ms":78.1,"js":1.1,"top":"CastSystem:0.6 InputSystem:0.3 PanelUISystem:0.1","worst":100.4,"casting":true,"particles":55,"particleCount":1,"emissionRate":1,"calls":41,"head":[0.35,0.79,-0.59],"yaw":-100,"pitch":-13}
2026-10-01T02:36:50.878Z [live] {"w":16,"cond":"NO_GLITTER","t":14.2,"scored":true,"fps":13.5,"ms":74.3,"js":1.3,"top":"CastSystem:0.7 InputSystem:0.3 PanelUISystem:0.1","worst":100.4,"casting":true,"particles":633,"particleCount":1,"emissionRate":1,"calls":48,"head":[0.35,0.79,-0.59],"yaw":-100,"pitch":-13}
2026-10-01T02:36:52.905Z [live] {"w":16,"cond":"NO_GLITTER","t":16.3,"scored":true,"fps":13.8,"ms":72.4,"js":1.1,"top":"CastSystem:0.6 InputSystem:0.2 PanelUISystem:0.1","worst":83.9,"casting":true,"particles":127,"particleCount":1,"emissionRate":1,"calls":47,"head":[0.35,0.79,-0.59],"yaw":-100,"pitch":-13}
2026-10-01T02:36:53.386Z [perf] {"mode":"xr","views":2,"target":"1680x1760","fps":13.4,"msMedian":70.4,"msP95":100.1,"msWorst":100.4,"calls":47,"tris":44644,"points":2600,"programs":22,"geometries":35,"textures":9,"abilities":1,"instances":190,"particles":99,"foveation":1}
2026-10-01T02:36:54.941Z [live] {"w":16,"cond":"NO_GLITTER","t":18.3,"scored":true,"fps":13.3,"ms":75.4,"js":1,"top":"CastSystem:0.5 InputSystem:0.3 PanelUISystem:0.1","worst":100.2,"casting":true,"particles":308,"particleCount":1,"emissionRate":1,"calls":56,"head":[0.35,0.79,-0.59],"yaw":-100,"pitch":-13}
2026-10-01T02:36:56.986Z [live] {"w":16,"cond":"NO_GLITTER","t":20.3,"scored":true,"fps":14.2,"ms":70.5,"js":1.1,"top":"CastSystem:0.6 InputSystem:0.2 PanelUISystem:0.1","worst":100.4,"casting":true,"particles":568,"particleCount":1,"emissionRate":1,"calls":48,"head":[0.35,0.79,-0.59],"yaw":-100,"pitch":-13}
2026-10-01T02:36:58.404Z [perf] {"mode":"xr","views":2,"target":"1680x1760","fps":13.6,"msMedian":71.3,"msP95":100.1,"msWorst":100.4,"calls":47,"tris":44644,"points":2600,"programs":22,"geometries":35,"textures":9,"abilities":1,"instances":190,"particles":184,"foveation":1}
2026-10-01T02:36:59.007Z [live] {"w":16,"cond":"NO_GLITTER","t":22.4,"scored":true,"fps":13.4,"ms":74.9,"js":1.2,"top":"CastSystem:0.6 InputSystem:0.3 PanelUISystem:0.1","worst":84.8,"casting":true,"particles":103,"particleCount":1,"emissionRate":1,"calls":47,"head":[0.35,0.79,-0.59],"yaw":-100,"pitch":-13}
2026-10-01T02:37:00.703Z [live] PARTICLE CHECK {"w":16,"cond":"NO_GLITTER","valid":true,"particlePeak":682,"checks":11,"particleCount":1,"emissionRate":1}
2026-10-01T02:37:00.704Z [live] WINDOW RESULT {"name":"NO_GLITTER","age":[82.5,76.3,78.3],"js":[1.2,1.2,1.1],"top":["CastSystem:0.6 InputSystem:0.3 PanelUISystem:0.1","CastSystem:0.6 InputSystem:0.3 PanelUISystem:0.1","CastSystem:0.5 InputSystem:0.3 PanelUISystem:0.1"],"mean":78.91,"p95":100.2,"slowPct":100,"worst":100.6,"castMean":77.75,"idleMean":98.55}
2026-10-01T02:37:00.704Z [live] ## WINDOW 17/20 NO_SHARDS
2026-10-01T02:37:02.713Z [live] {"w":17,"cond":"NO_SHARDS","t":2,"scored":true,"fps":14.4,"ms":69.3,"js":2.1,"top":"CastSystem:1.1 InputSystem:0.5 PanelUISystem:0.1","worst":100.2,"casting":true,"particles":556,"particleCount":1,"emissionRate":1,"calls":46,"head":[0.35,0.79,-0.59],"yaw":-100,"pitch":-13}
2026-10-01T02:37:03.414Z [perf] {"mode":"xr","views":2,"target":"1680x1760","fps":13.6,"msMedian":73.8,"msP95":100.2,"msWorst":100.6,"calls":46,"tris":44642,"points":2600,"programs":22,"geometries":35,"textures":9,"abilities":1,"instances":190,"particles":537,"foveation":1}
2026-10-01T02:37:04.713Z [live] {"w":17,"cond":"NO_SHARDS","t":4,"scored":true,"fps":10,"ms":100,"js":1.2,"top":"CastSystem:0.6 InputSystem:0.3 PanelUISystem:0.1","worst":100.2,"casting":true,"particles":408,"particleCount":1,"emissionRate":1,"calls":46,"head":[0.35,0.79,-0.59],"yaw":-100,"pitch":-13}
2026-10-01T02:37:06.809Z [live] {"w":17,"cond":"NO_SHARDS","t":6.1,"scored":true,"fps":11.9,"ms":83.9,"js":1.1,"top":"CastSystem:0.5 InputSystem:0.2 PanelUISystem:0.1","worst":100.7,"casting":true,"particles":183,"particleCount":1,"emissionRate":1,"calls":40,"head":[0.35,0.79,-0.59],"yaw":-100,"pitch":-13}
2026-10-01T02:37:08.468Z [perf] {"mode":"xr","views":2,"target":"1680x1760","fps":11.7,"msMedian":99.7,"msP95":100.2,"msWorst":100.8,"calls":48,"tris":44646,"points":2600,"programs":22,"geometries":35,"textures":9,"abilities":1,"instances":190,"particles":639,"foveation":1}
2026-10-01T02:37:08.821Z [live] {"w":17,"cond":"NO_SHARDS","t":8.1,"scored":true,"fps":12.4,"ms":80.5,"js":1.1,"top":"CastSystem:0.6 InputSystem:0.2 PanelUISystem:0.1","worst":100.8,"casting":true,"particles":621,"particleCount":1,"emissionRate":1,"calls":48,"head":[0.35,0.79,-0.59],"yaw":-100,"pitch":-13}
2026-10-01T02:37:10.834Z [live] {"w":17,"cond":"NO_SHARDS","t":10.1,"scored":true,"fps":10.9,"ms":91.5,"js":1.1,"top":"CastSystem:0.6 InputSystem:0.2 PanelUISystem:0.1","worst":100.1,"casting":true,"particles":389,"particleCount":1,"emissionRate":1,"calls":47,"head":[0.35,0.79,-0.59],"yaw":-100,"pitch":-13}
2026-10-01T02:37:12.917Z [live] {"w":17,"cond":"NO_SHARDS","t":12.2,"scored":true,"fps":13,"ms":77.2,"js":1.1,"top":"CastSystem:0.5 InputSystem:0.3 PanelUISystem:0.1","worst":100.2,"casting":true,"particles":228,"particleCount":1,"emissionRate":1,"calls":41,"head":[0.35,0.79,-0.59],"yaw":-100,"pitch":-13}
2026-10-01T02:37:13.518Z [perf] {"mode":"xr","views":2,"target":"1680x1760","fps":11.7,"msMedian":87.9,"msP95":100.2,"msWorst":100.2,"calls":78,"tris":45204,"points":2600,"programs":22,"geometries":35,"textures":9,"abilities":1,"instances":190,"particles":665,"foveation":1}
2026-10-01T02:37:14.935Z [live] {"w":17,"cond":"NO_SHARDS","t":14.2,"scored":true,"fps":13.9,"ms":72.1,"js":1.2,"top":"CastSystem:0.6 InputSystem:0.3 PanelUISystem:0.1","worst":100.2,"casting":true,"particles":620,"particleCount":1,"emissionRate":1,"calls":48,"head":[0.35,0.79,-0.59],"yaw":-100,"pitch":-13}
2026-10-01T02:37:16.959Z [live] {"w":17,"cond":"NO_SHARDS","t":16.3,"scored":true,"fps":13.4,"ms":74.9,"js":1.2,"top":"CastSystem:0.7 InputSystem:0.3 PanelUISystem:0.1","worst":96.9,"casting":true,"particles":375,"particleCount":1,"emissionRate":1,"calls":47,"head":[0.35,0.79,-0.59],"yaw":-100,"pitch":-13}
2026-10-01T02:37:18.581Z [perf] {"mode":"xr","views":2,"target":"1680x1760","fps":14,"msMedian":66.9,"msP95":99.9,"msWorst":100.2,"calls":41,"tris":18044,"points":2600,"programs":22,"geometries":35,"textures":9,"abilities":0,"instances":0,"particles":218,"foveation":1}
2026-10-01T02:37:18.981Z [live] {"w":17,"cond":"NO_SHARDS","t":18.3,"scored":true,"fps":12.8,"ms":77.8,"js":1.1,"top":"CastSystem:0.5 InputSystem:0.3 PanelUISystem:0.1","worst":100.1,"casting":true,"particles":226,"particleCount":1,"emissionRate":1,"calls":41,"head":[0.35,0.79,-0.59],"yaw":-100,"pitch":-13}
2026-10-01T02:37:21.020Z [live] {"w":17,"cond":"NO_SHARDS","t":20.3,"scored":true,"fps":13.7,"ms":72.8,"js":1.2,"top":"CastSystem:0.6 InputSystem:0.3 PanelUISystem:0.1","worst":100.4,"casting":true,"particles":603,"particleCount":1,"emissionRate":1,"calls":48,"head":[0.35,0.79,-0.59],"yaw":-100,"pitch":-13}
2026-10-01T02:37:23.086Z [live] {"w":17,"cond":"NO_SHARDS","t":22.4,"scored":true,"fps":13.1,"ms":76.5,"js":1.1,"top":"CastSystem:0.6 InputSystem:0.3 PanelUISystem:0.1","worst":85.6,"casting":true,"particles":368,"particleCount":1,"emissionRate":1,"calls":47,"head":[0.35,0.79,-0.59],"yaw":-100,"pitch":-13}
2026-10-01T02:37:23.619Z [perf] {"mode":"xr","views":2,"target":"1680x1760","fps":13.3,"msMedian":73.1,"msP95":100.2,"msWorst":100.4,"calls":47,"tris":44644,"points":2600,"programs":22,"geometries":35,"textures":9,"abilities":1,"instances":190,"particles":319,"foveation":1}
2026-10-01T02:37:24.713Z [live] PARTICLE CHECK {"w":17,"cond":"NO_SHARDS","valid":true,"particlePeak":621,"checks":11,"particleCount":1,"emissionRate":1}
2026-10-01T02:37:24.713Z [live] WINDOW RESULT {"name":"NO_SHARDS","age":[75.1,83.9,77],"js":[1.2,1.2,1.1],"top":["CastSystem:0.6 InputSystem:0.3 PanelUISystem:0.1","CastSystem:0.6 InputSystem:0.3 PanelUISystem:0.1","CastSystem:0.5 InputSystem:0.3 PanelUISystem:0.1"],"mean":78.47,"p95":100.1,"slowPct":100,"worst":100.8,"castMean":77.25,"idleMean":99.17}
2026-10-01T02:37:24.713Z [live] ## WINDOW 18/20 NO_MIST
2026-10-01T02:37:26.739Z [live] {"w":18,"cond":"NO_MIST","t":2,"scored":true,"fps":25.7,"ms":38.9,"js":1.6,"top":"CastSystem:0.8 InputSystem:0.4 PanelUISystem:0.1","worst":100.3,"casting":true,"particles":646,"particleCount":1,"emissionRate":1,"calls":47,"head":[0.35,0.79,-0.59],"yaw":-100,"pitch":-13}
2026-10-01T02:37:28.644Z [perf] {"mode":"xr","views":2,"target":"1680x1760","fps":23.7,"msMedian":35.9,"msP95":99.8,"msWorst":100.3,"calls":47,"tris":44644,"points":2600,"programs":22,"geometries":35,"textures":9,"abilities":1,"instances":190,"particles":260,"foveation":1}
2026-10-01T02:37:28.752Z [live] {"w":18,"cond":"NO_MIST","t":4,"scored":true,"fps":27.8,"ms":36,"js":1.1,"top":"CastSystem:0.6 InputSystem:0.2 PanelUISystem:0.1","worst":38,"casting":true,"particles":254,"particleCount":1,"emissionRate":1,"calls":47,"head":[0.35,0.79,-0.59],"yaw":-100,"pitch":-13}
2026-10-01T02:37:30.849Z [live] {"w":18,"cond":"NO_MIST","t":6.1,"scored":true,"fps":19.6,"ms":51.1,"js":1,"top":"CastSystem:0.5 InputSystem:0.3 PanelUISystem:0.1","worst":100.4,"casting":true,"particles":140,"particleCount":1,"emissionRate":1,"calls":41,"head":[0.35,0.79,-0.59],"yaw":-100,"pitch":-13}
2026-10-01T02:37:32.882Z [live] {"w":18,"cond":"NO_MIST","t":8.2,"scored":true,"fps":19.7,"ms":50.9,"js":1.2,"top":"CastSystem:0.6 InputSystem:0.3 PanelUISystem:0.1","worst":100.6,"casting":true,"particles":606,"particleCount":1,"emissionRate":1,"calls":48,"head":[0.35,0.79,-0.59],"yaw":-100,"pitch":-13}
2026-10-01T02:37:33.652Z [perf] {"mode":"xr","views":2,"target":"1680x1760","fps":21,"msMedian":37.9,"msP95":100.2,"msWorst":100.6,"calls":48,"tris":44646,"points":2600,"programs":22,"geometries":35,"textures":9,"abilities":1,"instances":190,"particles":321,"foveation":1}
2026-10-01T02:37:34.913Z [live] {"w":18,"cond":"NO_MIST","t":10.2,"scored":true,"fps":27.1,"ms":36.9,"js":1.2,"top":"CastSystem:0.6 InputSystem:0.3 PanelUISystem:0.1","worst":39.2,"casting":true,"particles":238,"particleCount":1,"emissionRate":1,"calls":47,"head":[0.35,0.79,-0.59],"yaw":-100,"pitch":-13}
2026-10-01T02:37:36.972Z [live] {"w":18,"cond":"NO_MIST","t":12.3,"scored":true,"fps":18.9,"ms":52.8,"js":1.1,"top":"CastSystem:0.5 InputSystem:0.3 PanelUISystem:0.1","worst":100.5,"casting":true,"particles":146,"particleCount":1,"emissionRate":1,"calls":41,"head":[0.35,0.79,-0.59],"yaw":-100,"pitch":-13}
2026-10-01T02:37:38.669Z [perf] {"mode":"xr","views":2,"target":"1680x1760","fps":21.1,"msMedian":37.7,"msP95":100.2,"msWorst":100.5,"calls":48,"tris":44646,"points":2600,"programs":22,"geometries":35,"textures":9,"abilities":1,"instances":190,"particles":742,"foveation":1}
2026-10-01T02:37:38.980Z [live] {"w":18,"cond":"NO_MIST","t":14.3,"scored":true,"fps":20.9,"ms":47.8,"js":1.2,"top":"CastSystem:0.6 InputSystem:0.3 PanelUISystem:0.1","worst":100.4,"casting":true,"particles":627,"particleCount":1,"emissionRate":1,"calls":48,"head":[0.35,0.79,-0.59],"yaw":-100,"pitch":-13}
2026-10-01T02:37:40.999Z [live] {"w":18,"cond":"NO_MIST","t":16.3,"scored":true,"fps":27.7,"ms":36.1,"js":1.1,"top":"CastSystem:0.6 InputSystem:0.3 PanelUISystem:0.1","worst":39.2,"casting":true,"particles":262,"particleCount":1,"emissionRate":1,"calls":47,"head":[0.35,0.79,-0.59],"yaw":-100,"pitch":-13}
2026-10-01T02:37:43.099Z [live] {"w":18,"cond":"NO_MIST","t":18.4,"scored":true,"fps":18.6,"ms":53.8,"js":1.1,"top":"CastSystem:0.6 InputSystem:0.3 PanelUISystem:0.1","worst":100.5,"casting":true,"particles":148,"particleCount":1,"emissionRate":1,"calls":56,"head":[0.35,0.79,-0.59],"yaw":-100,"pitch":-13}
2026-10-01T02:37:43.708Z [perf] {"mode":"xr","views":2,"target":"1680x1760","fps":22,"msMedian":36.4,"msP95":100.2,"msWorst":100.5,"calls":78,"tris":45204,"points":2600,"programs":22,"geometries":35,"textures":9,"abilities":1,"instances":190,"particles":949,"foveation":1}
2026-10-01T02:37:45.111Z [live] {"w":18,"cond":"NO_MIST","t":20.4,"scored":true,"fps":21.9,"ms":45.8,"js":1.1,"top":"CastSystem:0.6 InputSystem:0.3 PanelUISystem:0.1","worst":100.2,"casting":true,"particles":555,"particleCount":1,"emissionRate":1,"calls":48,"head":[0.35,0.79,-0.59],"yaw":-100,"pitch":-13}
2026-10-01T02:37:47.142Z [live] {"w":18,"cond":"NO_MIST","t":22.4,"scored":true,"fps":27.1,"ms":36.9,"js":1.1,"top":"CastSystem:0.6 InputSystem:0.3 PanelUISystem:0.1","worst":43.5,"casting":true,"particles":251,"particleCount":1,"emissionRate":1,"calls":47,"head":[0.35,0.79,-0.59],"yaw":-100,"pitch":-13}
2026-10-01T02:37:48.805Z [live] PARTICLE CHECK {"w":18,"cond":"NO_MIST","valid":true,"particlePeak":646,"checks":11,"particleCount":1,"emissionRate":1}
2026-10-01T02:37:48.806Z [live] WINDOW RESULT {"name":"NO_MIST","age":[48.5,36.4,48.5],"js":[1.2,1.1,1.1],"top":["CastSystem:0.6 InputSystem:0.3 PanelUISystem:0.1","CastSystem:0.6 InputSystem:0.3 PanelUISystem:0.1","CastSystem:0.6 InputSystem:0.3 PanelUISystem:0.1"],"mean":43.73,"p95":100.1,"slowPct":100,"worst":100.6,"castMean":41.74,"idleMean":99.45}
2026-10-01T02:37:48.806Z [live] ## WINDOW 19/20 NO_PARTICLES
2026-10-01T02:37:48.806Z [perf] {"mode":"xr","views":2,"target":"1680x1760","fps":24.3,"msMedian":36.9,"msP95":73.4,"msWorst":100.3,"calls":41,"tris":18044,"points":2600,"programs":22,"geometries":35,"textures":9,"abilities":0,"instances":0,"particles":0,"foveation":1}
2026-10-01T02:37:50.830Z [live] {"w":19,"cond":"NO_PARTICLES","t":2,"scored":true,"fps":26.2,"ms":38.2,"js":1.8,"top":"CastSystem:1.0 InputSystem:0.5 PanelUISystem:0.1","worst":100.4,"casting":true,"particles":0,"particleCount":0,"emissionRate":0,"calls":45,"head":[0.35,0.79,-0.59],"yaw":-100,"pitch":-13}
2026-10-01T02:37:52.845Z [live] {"w":19,"cond":"NO_PARTICLES","t":4,"scored":true,"fps":28.8,"ms":34.8,"js":1.1,"top":"CastSystem:0.6 InputSystem:0.3 PanelUISystem:0.1","worst":38.2,"casting":true,"particles":0,"particleCount":0,"emissionRate":0,"calls":45,"head":[0.35,0.79,-0.59],"yaw":-100,"pitch":-13}
2026-10-01T02:37:53.839Z [perf] {"mode":"xr","views":2,"target":"1680x1760","fps":27.4,"msMedian":34.7,"msP95":40.9,"msWorst":100.4,"calls":45,"tris":44640,"points":2600,"programs":22,"geometries":35,"textures":9,"abilities":1,"instances":190,"particles":0,"foveation":1}
2026-10-01T02:37:54.857Z [live] {"w":19,"cond":"NO_PARTICLES","t":6.1,"scored":true,"fps":20.4,"ms":49.1,"js":1.1,"top":"CastSystem:0.6 InputSystem:0.3 PanelUISystem:0.1","worst":100.3,"casting":false,"particles":0,"particleCount":0,"emissionRate":0,"calls":39,"head":[0.35,0.79,-0.59],"yaw":-100,"pitch":-13}
2026-10-01T02:37:56.881Z [live] {"w":19,"cond":"NO_PARTICLES","t":8.1,"scored":true,"fps":19.3,"ms":51.9,"js":1.1,"top":"CastSystem:0.5 InputSystem:0.3 PanelUISystem:0.1","worst":100.8,"casting":true,"particles":0,"particleCount":0,"emissionRate":0,"calls":48,"head":[0.35,0.79,-0.59],"yaw":-100,"pitch":-13}
2026-10-01T02:37:58.853Z [perf] {"mode":"xr","views":2,"target":"1680x1760","fps":21.5,"msMedian":36.4,"msP95":100.3,"msWorst":100.8,"calls":47,"tris":44644,"points":2600,"programs":22,"geometries":35,"textures":9,"abilities":1,"instances":190,"particles":0,"foveation":1}
2026-10-01T02:37:58.890Z [live] {"w":19,"cond":"NO_PARTICLES","t":10.1,"scored":true,"fps":27.9,"ms":35.9,"js":1.2,"top":"CastSystem:0.6 InputSystem:0.3 PanelUISystem:0.1","worst":38.1,"casting":true,"particles":0,"particleCount":0,"emissionRate":0,"calls":47,"head":[0.35,0.79,-0.59],"yaw":-100,"pitch":-13}
2026-10-01T02:38:00.951Z [live] {"w":19,"cond":"NO_PARTICLES","t":12.1,"scored":true,"fps":20.9,"ms":48,"js":1,"top":"CastSystem:0.5 InputSystem:0.3 PanelUISystem:0.1","worst":100.3,"casting":true,"particles":0,"particleCount":0,"emissionRate":0,"calls":41,"head":[0.35,0.79,-0.59],"yaw":-100,"pitch":-13}
2026-10-01T02:38:02.979Z [live] {"w":19,"cond":"NO_PARTICLES","t":14.2,"scored":true,"fps":20.7,"ms":48.3,"js":1.1,"top":"CastSystem:0.6 InputSystem:0.3 PanelUISystem:0.1","worst":100.4,"casting":true,"particles":0,"particleCount":0,"emissionRate":0,"calls":48,"head":[0.35,0.79,-0.59],"yaw":-100,"pitch":-13}
2026-10-01T02:38:03.890Z [perf] {"mode":"xr","views":2,"target":"1680x1760","fps":22.2,"msMedian":36.1,"msP95":100.2,"msWorst":100.4,"calls":48,"tris":44646,"points":2600,"programs":22,"geometries":35,"textures":9,"abilities":1,"instances":190,"particles":0,"foveation":1}
2026-10-01T02:38:05.004Z [live] {"w":19,"cond":"NO_PARTICLES","t":16.2,"scored":true,"fps":28.2,"ms":35.5,"js":1.2,"top":"CastSystem:0.6 InputSystem:0.3 PanelUISystem:0.1","worst":38.1,"casting":true,"particles":0,"particleCount":0,"emissionRate":0,"calls":47,"head":[0.35,0.79,-0.59],"yaw":-100,"pitch":-13}
2026-10-01T02:38:07.013Z [live] {"w":19,"cond":"NO_PARTICLES","t":18.2,"scored":true,"fps":19.4,"ms":51.5,"js":1.1,"top":"CastSystem:0.5 InputSystem:0.3 PanelUISystem:0.1","worst":100.3,"casting":true,"particles":0,"particleCount":0,"emissionRate":0,"calls":41,"head":[0.35,0.79,-0.59],"yaw":-100,"pitch":-13}
2026-10-01T02:38:08.925Z [perf] {"mode":"xr","views":2,"target":"1680x1760","fps":21.7,"msMedian":36.9,"msP95":100.1,"msWorst":100.3,"calls":48,"tris":44646,"points":2600,"programs":22,"geometries":35,"textures":9,"abilities":1,"instances":190,"particles":0,"foveation":1}
2026-10-01T02:38:09.029Z [live] {"w":19,"cond":"NO_PARTICLES","t":20.2,"scored":true,"fps":20.8,"ms":48,"js":1.2,"top":"CastSystem:0.6 InputSystem:0.2 PanelUISystem:0.1","worst":100.3,"casting":true,"particles":0,"particleCount":0,"emissionRate":0,"calls":48,"head":[0.35,0.79,-0.59],"yaw":-100,"pitch":-13}
2026-10-01T02:38:11.059Z [live] {"w":19,"cond":"NO_PARTICLES","t":22.3,"scored":true,"fps":28.1,"ms":35.6,"js":1.1,"top":"CastSystem:0.6 InputSystem:0.3 PanelUISystem:0.1","worst":37.5,"casting":true,"particles":0,"particleCount":0,"emissionRate":0,"calls":47,"head":[0.35,0.79,-0.59],"yaw":-100,"pitch":-13}
2026-10-01T02:38:12.877Z [live] PARTICLE CHECK {"w":19,"cond":"NO_PARTICLES","valid":true,"particlePeak":0,"checks":11,"particleCount":0,"emissionRate":0}
2026-10-01T02:38:12.877Z [live] WINDOW RESULT {"name":"NO_PARTICLES","age":[47.8,35.4,47.3],"js":[1.1,1.1,1.1],"top":["CastSystem:0.6 InputSystem:0.3 PanelUISystem:0.1","CastSystem:0.6 InputSystem:0.3 PanelUISystem:0.1","CastSystem:0.5 InputSystem:0.3 PanelUISystem:0.1"],"mean":42.68,"p95":100.1,"slowPct":100,"worst":100.8,"castMean":40.82,"idleMean":99.05}
2026-10-01T02:38:12.878Z [live] ## WINDOW 20/20 CURRENT
2026-10-01T02:38:13.972Z [perf] {"mode":"xr","views":2,"target":"1680x1760","fps":23.2,"msMedian":36.1,"msP95":92,"msWorst":100.3,"calls":46,"tris":45140,"points":2600,"programs":22,"geometries":35,"textures":9,"abilities":1,"instances":190,"particles":1180,"foveation":1}
2026-10-01T02:38:14.933Z [live] {"w":20,"cond":"CURRENT","t":2.1,"scored":true,"fps":14.6,"ms":68.5,"js":2.6,"top":"CastSystem:1.3 InputSystem:0.6 PanelUISystem:0.2","worst":100.4,"casting":true,"particles":922,"particleCount":1,"emissionRate":1,"calls":44,"head":[0.35,0.79,-0.59],"yaw":-100,"pitch":-13}
2026-10-01T02:38:16.933Z [live] {"w":20,"cond":"CURRENT","t":4.1,"scored":true,"fps":10,"ms":100,"js":1.1,"top":"CastSystem:0.6 InputSystem:0.2 PanelUISystem:0.1","worst":100.3,"casting":true,"particles":379,"particleCount":1,"emissionRate":1,"calls":44,"head":[0.35,0.79,-0.59],"yaw":-100,"pitch":-13}
2026-10-01T02:38:19.033Z [live] {"w":20,"cond":"CURRENT","t":6.2,"scored":true,"fps":10,"ms":100,"js":1,"top":"CastSystem:0.5 InputSystem:0.3 PanelUISystem:0.1","worst":100.2,"casting":true,"particles":185,"particleCount":1,"emissionRate":1,"calls":38,"head":[0.35,0.79,-0.59],"yaw":-100,"pitch":-13}
2026-10-01T02:38:19.033Z [perf] {"mode":"xr","views":2,"target":"1680x1760","fps":10.1,"msMedian":100,"msP95":100.2,"msWorst":100.4,"calls":38,"tris":18038,"points":2600,"programs":22,"geometries":35,"textures":9,"abilities":1,"instances":190,"particles":185,"foveation":1}
2026-10-01T02:38:21.094Z [live] {"w":20,"cond":"CURRENT","t":8.2,"scored":true,"fps":11.6,"ms":85.9,"js":1.1,"top":"CastSystem:0.6 InputSystem:0.2 PanelUISystem:0.1","worst":100.5,"casting":true,"particles":933,"particleCount":1,"emissionRate":1,"calls":48,"head":[0.35,0.79,-0.59],"yaw":-100,"pitch":-13}
2026-10-01T02:38:23.143Z [live] {"w":20,"cond":"CURRENT","t":10.3,"scored":true,"fps":13.2,"ms":75.9,"js":1.1,"top":"CastSystem:0.6 InputSystem:0.3 PanelUISystem:0.1","worst":86.9,"casting":true,"particles":372,"particleCount":1,"emissionRate":1,"calls":47,"head":[0.35,0.79,-0.59],"yaw":-100,"pitch":-13}
2026-10-01T02:38:24.092Z [perf] {"mode":"xr","views":2,"target":"1680x1760","fps":12.8,"msMedian":74.9,"msP95":100.1,"msWorst":100.5,"calls":47,"tris":44644,"points":2600,"programs":22,"geometries":35,"textures":9,"abilities":1,"instances":190,"particles":301,"foveation":1}
2026-10-01T02:38:25.146Z [live] {"w":20,"cond":"CURRENT","t":12.3,"scored":true,"fps":13,"ms":77.1,"js":1.1,"top":"CastSystem:0.5 InputSystem:0.3 PanelUISystem:0.1","worst":100.9,"casting":true,"particles":226,"particleCount":1,"emissionRate":1,"calls":41,"head":[0.35,0.79,-0.59],"yaw":-100,"pitch":-13}
2026-10-01T02:38:27.164Z [live] {"w":20,"cond":"CURRENT","t":14.3,"scored":true,"fps":11.9,"ms":84.1,"js":1.2,"top":"CastSystem:0.7 InputSystem:0.3 PanelUISystem:0.1","worst":101,"casting":true,"particles":906,"particleCount":1,"emissionRate":1,"calls":48,"head":[0.35,0.79,-0.59],"yaw":-100,"pitch":-13}
2026-10-01T02:38:29.161Z [perf] {"mode":"xr","views":2,"target":"1680x1760","fps":12.2,"msMedian":80.9,"msP95":100.4,"msWorst":101,"calls":47,"tris":44644,"points":2600,"programs":22,"geometries":35,"textures":9,"abilities":1,"instances":190,"particles":343,"foveation":1}
2026-10-01T02:38:29.239Z [live] {"w":20,"cond":"CURRENT","t":16.4,"scored":true,"fps":13,"ms":76.8,"js":1.2,"top":"CastSystem:0.6 InputSystem:0.3 PanelUISystem:0.1","worst":90.1,"casting":true,"particles":339,"particleCount":1,"emissionRate":1,"calls":47,"head":[0.35,0.79,-0.59],"yaw":-100,"pitch":-13}
2026-10-01T02:38:31.296Z [live] {"w":20,"cond":"CURRENT","t":18.4,"scored":true,"fps":12.2,"ms":82.3,"js":1.1,"top":"CastSystem:0.5 InputSystem:0.3 PanelUISystem:0.1","worst":100.2,"casting":true,"particles":458,"particleCount":1,"emissionRate":1,"calls":65,"head":[0.35,0.79,-0.59],"yaw":-100,"pitch":-13}
2026-10-01T02:38:33.333Z [live] {"w":20,"cond":"CURRENT","t":20.5,"scored":true,"fps":11.8,"ms":84.9,"js":1.1,"top":"CastSystem:0.6 InputSystem:0.2 PanelUISystem:0.0","worst":100.2,"casting":true,"particles":797,"particleCount":1,"emissionRate":1,"calls":48,"head":[0.35,0.79,-0.59],"yaw":-100,"pitch":-13}
2026-10-01T02:38:34.233Z [perf] {"mode":"xr","views":2,"target":"1680x1760","fps":12.2,"msMedian":76.8,"msP95":100.1,"msWorst":100.2,"calls":48,"tris":44646,"points":2600,"programs":22,"geometries":35,"textures":9,"abilities":1,"instances":190,"particles":516,"foveation":1}
2026-10-01T02:38:35.404Z [live] {"w":20,"cond":"CURRENT","t":22.5,"scored":true,"fps":13,"ms":76.7,"js":1.1,"top":"CastSystem:0.6 InputSystem:0.2 PanelUISystem:0.1","worst":81.8,"casting":true,"particles":350,"particleCount":1,"emissionRate":1,"calls":47,"head":[0.35,0.79,-0.59],"yaw":-100,"pitch":-13}
2026-10-01T02:38:36.900Z [live] PARTICLE CHECK {"w":20,"cond":"CURRENT","valid":true,"particlePeak":933,"checks":11,"particleCount":1,"emissionRate":1}
2026-10-01T02:38:36.900Z [live] WINDOW RESULT {"name":"CURRENT","age":[82.7,80.5,82],"js":[1.2,1.1,1.1],"top":["CastSystem:0.6 InputSystem:0.2 PanelUISystem:0.1","CastSystem:0.6 InputSystem:0.3 PanelUISystem:0.1","CastSystem:0.6 InputSystem:0.3 PanelUISystem:0.1"],"mean":81.71,"p95":100.2,"slowPct":100,"worst":101,"castMean":80.75,"idleMean":99.62}
2026-10-01T02:38:36.902Z [live] RESULTS [{"name":"CURRENT","mean":81.16,"p95":100.15,"slowPct":100,"castMean":80.15,"idleMean":99.43,"age":[82.8,80.9,79.9],"js":[1.4,1.3,1.3],"top":["InputSystem:0.7 CastSystem:0.6 PanelUISystem:0.1","InputSystem:0.6 CastSystem:0.5 PanelUISystem:0.1","InputSystem:0.6 CastSystem:0.5 PanelUISystem:0.1"],"worst":101,"windows":[80.61,81.71],"vsCurrent":0},{"name":"NO_PARTICLES","mean":42.36,"p95":100,"slowPct":100,"castMean":40.51,"idleMean":98.78,"age":[47.5,35.3,46.8],"js":[1.3,1.1,1.1],"top":["CastSystem:0.5 InputSystem:0.5 PanelUISystem:0.1","CastSystem:0.5 InputSystem:0.4 PanelUISystem:0.1","CastSystem:0.5 InputSystem:0.4 PanelUISystem:0.1"],"worst":101,"windows":[42.04,42.68],"vsCurrent":-38.8},{"name":"NO_MIST","mean":42.32,"p95":100,"slowPct":100,"castMean":40.46,"idleMean":99.06,"age":[46.3,35.5,47.1],"js":[1.1,1.1,1.1],"top":["CastSystem:0.5 InputSystem:0.3 PanelUISystem:0.1","CastSystem:0.5 InputSystem:0.3 PanelUISystem:0.1","CastSystem:0.5 InputSystem:0.3 PanelUISystem:0.1"],"worst":100.7,"windows":[40.91,43.73],"vsCurrent":-38.84},{"name":"NO_SHARDS","mean":80.36,"p95":100.15,"slowPct":100,"castMean":79.28,"idleMean":98.78,"age":[77.4,85,79.2],"js":[1.2,1.2,1.1],"top":["CastSystem:0.6 InputSystem:0.3 PanelUISystem:0.1","CastSystem:0.6 InputSystem:0.3 PanelUISystem:0.1","CastSystem:0.5 InputSystem:0.3 PanelUISystem:0.1"],"worst":100.8,"windows":[82.25,78.47],"vsCurrent":-0.8},{"name":"NO_GLITTER","mean":80.09,"p95":100.2,"slowPct":100,"castMean":78.95,"idleMean":98.98,"age":[81.8,79.1,79.6],"js":[1.1,1.1,1.1],"top":["CastSystem:0.6 InputSystem:0.3 PanelUISystem:0.1","CastSystem:0.5 InputSystem:0.3 PanelUISystem:0.1","CastSystem:0.4 InputSystem:0.3 PanelUISystem:0.1"],"worst":100.7,"windows":[81.26,78.91],"vsCurrent":-1.07},{"name":"NO_BURSTS","mean":81.4,"p95":100.2,"slowPct":98.8,"castMean":80.25,"idleMean":98.53,"age":[78.4,82.8,83.2],"js":[1.2,1.2,1.1],"top":["CastSystem:0.6 InputSystem:0.4 PanelUISystem:0.1","CastSystem:0.5 InputSystem:0.4 PanelUISystem:0.1","CastSystem:0.5 InputSystem:0.4 PanelUISystem:0.1"],"worst":100.6,"windows":[80.45,82.34],"vsCurrent":0.24},{"name":"NO_DECALS","mean":81.28,"p95":100.4,"slowPct":100,"castMean":87.37,"idleMean":49.87,"age":[70.7,122,66.4],"js":[1.3,1.2,1],"top":["CastSystem:0.5 InputSystem:0.5 PanelUISystem:0.1","CastSystem:0.5 InputSystem:0.4 PanelUISystem:0.1","InputSystem:0.4 CastSystem:0.3 PanelUISystem:0.1"],"worst":1679,"windows":[68.8,93.75],"vsCurrent":0.12},{"name":"NO_CRYSTALS","mean":106.69,"p95":100.5,"slowPct":95.4,"castMean":103.55,"idleMean":145.93,"age":[81.2,115.3,132.5],"js":[1.2,1.1,1.1],"top":["CastSystem:0.6 InputSystem:0.3 PanelUISystem:0.1","CastSystem:0.6 InputSystem:0.3 PanelUISystem:0.1","CastSystem:0.5 InputSystem:0.3 PanelUISystem:0.1"],"worst":1475.5,"windows":[104.73,108.65],"vsCurrent":25.53},{"name":"NO_ANYTHING","mean":14.38,"p95":12.5,"slowPct":2.5,"castMean":14.11,"idleMean":16.8,"age":[14.9,15.7,12.9],"js":[1.2,1.3,1.1],"top":["CastSystem:0.6 InputSystem:0.3 PanelUISystem:0.1","CastSystem:0.6 InputSystem:0.3 PanelUISystem:0.1","CastSystem:0.5 InputSystem:0.3 PanelUISystem:0.1"],"worst":1515.7,"windows":[17.64,11.11],"vsCurrent":-66.78},{"name":"NO_CAST","mean":11.11,"p95":11.6,"slowPct":0.05,"castMean":0,"idleMean":11.11,"age":[0,0,0],"js":[0,0,0],"top":["FrameUniformSystem:0.0 LocomotionSystem:0.0 InputSystem:0.0","FrameUniformSystem:0.0 LocomotionSystem:0.0 InputSystem:0.0","FrameUniformSystem:0.0 LocomotionSystem:0.0 InputSystem:0.0"],"worst":22.1,"windows":[11.11,11.12],"vsCurrent":-70.05}]
2026-10-01T02:38:37.939Z [frame-probe] RESULTS {"mode":"xr","gpuTimer":false,"disjointCount":0,"skippedQueries":0,"pendingQueries":0,"windows":[{"w":1,"name":"CURRENT","interval":{"count":297,"mean":80.54,"p95":100.1,"worst":100.4},"cpuFrame":{"count":297,"mean":3.895,"p95":5.5,"worst":11.5},"update":{"count":297,"mean":1.634,"p95":2.6,"worst":9.4},"render":{"count":297,"mean":2.253,"p95":3.4,"worst":4.6},"gpu":{"count":0,"mean":null,"p95":null,"worst":null}},{"w":2,"name":"NO_PARTICLES","interval":{"count":571,"mean":42.042,"p95":99.9,"worst":101},"cpuFrame":{"count":571,"mean":3.197,"p95":4.6,"worst":8.6},"update":{"count":571,"mean":1.307,"p95":2.1,"worst":4.6},"render":{"count":571,"mean":1.885,"p95":2.8,"worst":5.4},"gpu":{"count":0,"mean":null,"p95":null,"worst":null}},{"w":3,"name":"NO_MIST","interval":{"count":587,"mean":40.906,"p95":99.9,"worst":100.6},"cpuFrame":{"count":587,"mean":2.911,"p95":4,"worst":5.3},"update":{"count":587,"mean":1.119,"p95":1.6,"worst":3},"render":{"count":587,"mean":1.786,"p95":2.6,"worst":3.4},"gpu":{"count":0,"mean":null,"p95":null,"worst":null}},{"w":4,"name":"NO_SHARDS","interval":{"count":292,"mean":82.249,"p95":100.2,"worst":100.8},"cpuFrame":{"count":292,"mean":3.123,"p95":4.5,"worst":5.4},"update":{"count":292,"mean":1.191,"p95":2,"worst":2.9},"render":{"count":292,"mean":1.927,"p95":2.9,"worst":3.5},"gpu":{"count":0,"mean":null,"p95":null,"worst":null}},{"w":5,"name":"NO_GLITTER","interval":{"count":296,"mean":81.263,"p95":100.2,"worst":100.7},"cpuFrame":{"count":296,"mean":2.949,"p95":4.1,"worst":6.1},"update":{"count":296,"mean":1.116,"p95":1.7,"worst":2.4},"render":{"count":296,"mean":1.83,"p95":2.7,"worst":4.2},"gpu":{"count":0,"mean":null,"p95":null,"worst":null}},{"w":6,"name":"NO_BURSTS","interval":{"count":299,"mean":80.446,"p95":100.2,"worst":100.5},"cpuFrame":{"count":299,"mean":3.118,"p95":4.5,"worst":6.1},"update":{"count":299,"mean":1.247,"p95":2,"worst":2.8},"render":{"count":299,"mean":1.865,"p95":2.8,"worst":3.6},"gpu":{"count":0,"mean":null,"p95":null,"worst":null}},{"w":7,"name":"NO_DECALS","interval":{"count":349,"mean":68.796,"p95":100.3,"worst":100.6},"cpuFrame":{"count":349,"mean":2.606,"p95":3.8,"worst":4.6},"update":{"count":349,"mean":1.197,"p95":2.1,"worst":2.6},"render":{"count":349,"mean":1.403,"p95":2.1,"worst":2.6},"gpu":{"count":0,"mean":null,"p95":null,"worst":null}},{"w":8,"name":"NO_CRYSTALS","interval":{"count":237,"mean":104.726,"p95":100.5,"worst":1475.5},"cpuFrame":{"count":237,"mean":2.534,"p95":3.5,"worst":4.6},"update":{"count":237,"mean":1.154,"p95":1.8,"worst":2.8},"render":{"count":237,"mean":1.375,"p95":2,"worst":2.8},"gpu":{"count":0,"mean":null,"p95":null,"worst":null}},{"w":9,"name":"NO_ANYTHING","interval":{"count":1361,"mean":17.635,"p95":13.2,"worst":1515.7},"cpuFrame":{"count":1361,"mean":2.36,"p95":3,"worst":5},"update":{"count":1361,"mean":1.241,"p95":1.6,"worst":3.8},"render":{"count":1361,"mean":1.111,"p95":1.5,"worst":2.2},"gpu":{"count":0,"mean":null,"p95":null,"worst":null}},{"w":10,"name":"NO_CAST","interval":{"count":2160,"mean":11.111,"p95":11.6,"worst":12.5},"cpuFrame":{"count":2160,"mean":1.882,"p95":2.4,"worst":4.4},"update":{"count":2160,"mean":0.722,"p95":1.2,"worst":2.9},"render":{"count":2160,"mean":1.151,"p95":1.6,"worst":2.1},"gpu":{"count":0,"mean":null,"p95":null,"worst":null}},{"w":11,"name":"NO_CAST","interval":{"count":2158,"mean":11.121,"p95":11.6,"worst":22.2},"cpuFrame":{"count":2158,"mean":1.914,"p95":2.5,"worst":5.2},"update":{"count":2158,"mean":0.725,"p95":1.1,"worst":3.4},"render":{"count":2158,"mean":1.182,"p95":1.6,"worst":2.4},"gpu":{"count":0,"mean":null,"p95":null,"worst":null}},{"w":12,"name":"NO_ANYTHING","interval":{"count":2161,"mean":11.111,"p95":11.8,"worst":12.5},"cpuFrame":{"count":2161,"mean":2.434,"p95":3,"worst":4.2},"update":{"count":2161,"mean":1.248,"p95":1.7,"worst":3},"render":{"count":2161,"mean":1.179,"p95":1.6,"worst":2.3},"gpu":{"count":0,"mean":null,"p95":null,"worst":null}},{"w":13,"name":"NO_CRYSTALS","interval":{"count":221,"mean":108.649,"p95":100.5,"worst":1439.6},"cpuFrame":{"count":221,"mean":2.671,"p95":3.9,"worst":5.8},"update":{"count":221,"mean":1.21,"p95":2.1,"worst":3.7},"render":{"count":221,"mean":1.458,"p95":2.2,"worst":3},"gpu":{"count":0,"mean":null,"p95":null,"worst":null}},{"w":14,"name":"NO_DECALS","interval":{"count":256,"mean":93.751,"p95":100.5,"worst":1679},"cpuFrame":{"count":256,"mean":2.548,"p95":3.8,"worst":4.9},"update":{"count":256,"mean":1.14,"p95":1.8,"worst":3},"render":{"count":256,"mean":1.404,"p95":2.1,"worst":3.8},"gpu":{"count":0,"mean":null,"p95":null,"worst":null}},{"w":15,"name":"NO_BURSTS","interval":{"count":292,"mean":82.345,"p95":100.2,"worst":100.6},"cpuFrame":{"count":292,"mean":3.086,"p95":4.3,"worst":5},"update":{"count":292,"mean":1.188,"p95":1.8,"worst":2.7},"render":{"count":292,"mean":1.896,"p95":2.8,"worst":3.6},"gpu":{"count":0,"mean":null,"p95":null,"worst":null}},{"w":16,"name":"NO_GLITTER","interval":{"count":305,"mean":78.907,"p95":100.2,"worst":100.5},"cpuFrame":{"count":305,"mean":3.091,"p95":4.2,"worst":5.6},"update":{"count":305,"mean":1.19,"p95":1.7,"worst":2.9},"render":{"count":305,"mean":1.897,"p95":2.8,"worst":3.3},"gpu":{"count":0,"mean":null,"p95":null,"worst":null}},{"w":17,"name":"NO_SHARDS","interval":{"count":306,"mean":78.467,"p95":100.1,"worst":100.8},"cpuFrame":{"count":306,"mean":3.128,"p95":4.3,"worst":5.6},"update":{"count":306,"mean":1.173,"p95":1.6,"worst":2.4},"render":{"count":306,"mean":1.951,"p95":2.8,"worst":3.6},"gpu":{"count":0,"mean":null,"p95":null,"worst":null}},{"w":18,"name":"NO_MIST","interval":{"count":551,"mean":43.727,"p95":100.1,"worst":100.6},"cpuFrame":{"count":551,"mean":3.149,"p95":4.3,"worst":5.2},"update":{"count":551,"mean":1.17,"p95":1.6,"worst":2.7},"render":{"count":551,"mean":1.976,"p95":2.8,"worst":3.6},"gpu":{"count":0,"mean":null,"p95":null,"worst":null}},{"w":19,"name":"NO_PARTICLES","interval":{"count":564,"mean":42.683,"p95":100.1,"worst":100.8},"cpuFrame":{"count":564,"mean":3.107,"p95":4.3,"worst":5.7},"update":{"count":564,"mean":1.147,"p95":1.6,"worst":2.6},"render":{"count":564,"mean":1.956,"p95":2.8,"worst":3.7},"gpu":{"count":0,"mean":null,"p95":null,"worst":null}},{"w":20,"name":"CURRENT","interval":{"count":294,"mean":81.712,"p95":100.2,"worst":101},"cpuFrame":{"count":294,"mean":3.098,"p95":4.3,"worst":5.7},"update":{"count":294,"mean":1.165,"p95":1.7,"worst":2.4},"render":{"count":294,"mean":1.93,"p95":2.8,"worst":3.6},"gpu":{"count":0,"mean":null,"p95":null,"worst":null}}]}
